nat,group,dname,name,sides,,,,
GE,"101 NW Bde",101,I/101,0,3059,,,
GE,"101 NW Bde",101,II/101,1,3059,,,
GE,"101 NW Bde",101,III/101,2,3059,,,
GE,"10 SS Pz Div",10ss,,3,2071,,,
GE,"10 SS Pz Div",10ss,I/10,4,3059,,,
GE,"10 SS Pz Div",10ss,II/10,5,3059,,,
GE,"10 SS Pz Div",10ss,III/10,6,3059,,,
GE,"10 SS Pz Div",10ss,IV/10,7,3059,,,
GE,"10 SS Pz Div",10ss,,8,2072,,,
GE,"10 SS Pz Div",10ss,,9,2073,,,
GE,"10 SS Pz Div",10ss,13/10,10,3059,,,
GE,"10 SS Pz Div",10ss,I/21,11,2074,,,
GE,"10 SS Pz Div",10ss,I/22,12,2075,,,
GE,"10 SS Pz Div",10ss,II/21,13,2076,,,
GE,"10 SS Pz Div",10ss,II/22,14,2077,,,
GE,"10 SS Pz Div",10ss,III/21,15,2078,,,
GE,"10 SS Pz Div",10ss,III/22,16,2079,,,
GE,"10 SS Pz Div",10ss,,17,,,,
GE,"10 SS Pz Div",10ss,,18,2080,,,
GE,"10 SS Pz Div",10ss,I/10,19,2081,,,
GE,"10 SS Pz Div",10ss,II/10,20,2082,,,
GE,"10 SS Pz Div",10ss,PzJg,21,2083,,,
GE,"10 SS Pz Div",10ss,StuG,22,2084,,,
GE,"10 SS Pz Div",10ss,,23,,,,
GE,"116 Pz Div",116,,24,2085,,,
GE,"116 Pz Div",116,I/146,25,3059,,,
GE,"116 Pz Div",116,II/146,26,3059,,,
GE,"116 Pz Div",116,III/146,27,3059,,,
GE,"116 Pz Div",116,,28,2086,,,
GE,"116 Pz Div",116,281,29,2087,,,
GE,"116 Pz Div",116,675,30,2088,,,
GE,"116 Pz Div",116,I/156,31,2089,,,
GE,"116 Pz Div",116,I/60,32,2090,,,
GE,"116 Pz Div",116,II/156,33,2091,,,
GE,"116 Pz Div",116,II/60,34,2092,,,
GE,"116 Pz Div",116,,35,,,,
GE,"116 Pz Div",116,288,36,2093,,,
GE,"116 Pz Div",116,I/16,37,2094,,,
GE,"116 Pz Div",116,II/16,38,2095,,,
GE,"116 Pz Div",116,,39,,,,
GE,"12 SS Pz Div",12ss,,40,2096,,,
GE,"12 SS Pz Div",12ss,I/12,41,3059,,,
GE,"12 SS Pz Div",12ss,II/12,42,3059,,,
GE,"12 SS Pz Div",12ss,III/12,43,3059,,,
GE,"12 SS Pz Div",12ss,,44,2097,,,
GE,"12 SS Pz Div",12ss,,45,2098,,,
GE,"12 SS Pz Div",12ss,10/12,46,3059,,,
GE,"12 SS Pz Div",12ss,I/25,47,2099,,,
GE,"12 SS Pz Div",12ss,I/26,48,210,,,
GE,"12 SS Pz Div",12ss,II/25,49,2101,,,
GE,"12 SS Pz Div",12ss,II/26,50,2102,,,
GE,"12 SS Pz Div",12ss,III/25,51,2103,,,
GE,"12 SS Pz Div",12ss,III/26,52,2104,,,
GE,"12 SS Pz Div",12ss,,53,,,,
GE,"12 SS Pz Div",12ss,,54,2105,,,
GE,"12 SS Pz Div",12ss,IV/12,55,3059,,,
GE,"12 SS Pz Div",12ss,I/12,56,2106,,,
GE,"12 SS Pz Div",12ss,II/12,57,2107,,,
GE,"12 SS Pz Div",12ss,PzJg,58,2108,,,
GE,"12 SS Pz Div",12ss,StuG,59,2109,,,
GE,"12 SS Pz Div",12ss,,60,,,,
GE,"130 Pz Div",130,,61,2110,,,
GE,"130 Pz Div",130,I/130,62,3059,,,
GE,"130 Pz Div",130,II/130,63,3059,,,
GE,"130 Pz Div",130,III/130,64,3059,,,
GE,"130 Pz Div",130,,65,2111,,,
GE,"130 Pz Div",130,311,66,2112,,,
GE,"130 Pz Div",130,I/901,67,2113,,,
GE,"130 Pz Div",130,I/902,68,2114,,,
GE,"130 Pz Div",130,II/901,69,2115,,,
GE,"130 Pz Div",130,II/902,70,2116,,,
GE,"130 Pz Div",130,,71,,,,
GE,"130 Pz Div",130,,72,2117,,,
GE,"130 Pz Div",130,130,73,2118,,,
GE,"130 Pz Div",130,2/1,74,2119,,,
GE,"130 Pz Div",130,3/1,75,2120,,,
GE,"130 Pz Div",130,4/1,76,2121,,,
GE,"130 Pz Div",130,5/2,77,2122,,,
GE,"130 Pz Div",130,6/2,78,2123,,,
GE,"130 Pz Div",130,7/2,79,2124,,,
GE,"130 Pz Div",130,8/2,80,2125,,,
GE,"130 Pz Div",130,1/1,81,2126,,,
GE,"130 Pz Div",130,,82,2127,,,
GE,"130 Pz Div",130,,83,2128,,,
GE,"130 Pz Div",130,,84,,,,
GE,"17 SS Mot Div",17ss,,85,2129,,,
GE,"17 SS Mot Div",17ss,I/17,86,3059,,,
GE,"17 SS Mot Div",17ss,II/17,87,3059,,,
GE,"17 SS Mot Div",17ss,,88,2130,,,
GE,"17 SS Mot Div",17ss,PzJg,89,2131,,,
GE,"17 SS Mot Div",17ss,I/37,90,2132,,,
GE,"17 SS Mot Div",17ss,I/38,91,2133,,,
GE,"17 SS Mot Div",17ss,II/37,92,2134,,,
GE,"17 SS Mot Div",17ss,II/38,93,2135,,,
GE,"17 SS Mot Div",17ss,III/37,94,2136,,,
GE,"17 SS Mot Div",17ss,III/38,95,2137,,,
GE,"17 SS Mot Div",17ss,,96,,,,
GE,"17 SS Mot Div",17ss,,97,2138,,,
GE,"17 SS Mot Div",17ss,,98,,,,
GE,"17 SS Mot Div",17ss,StuG,99,2139,,,
GE,"1 SS Pz Div",1ss,,100,2140,,,
GE,"1 SS Pz Div",1ss,I/1,101,3059,,,
GE,"1 SS Pz Div",1ss,II/1,102,3059,,,
GE,"1 SS Pz Div",1ss,III/1,103,3059,,,
GE,"1 SS Pz Div",1ss,,104,2141,,,
GE,"1 SS Pz Div",1ss,,105,2142,,,
GE,"1 SS Pz Div",1ss,10/1,106,3059,,,
GE,"1 SS Pz Div",1ss,I/1,107,2143,,,
GE,"1 SS Pz Div",1ss,I/2,108,2144,,,
GE,"1 SS Pz Div",1ss,II/1,109,2145,,,
GE,"1 SS Pz Div",1ss,II/2,110,2146,,,
GE,"1 SS Pz Div",1ss,III/1,111,2147,,,
GE,"1 SS Pz Div",1ss,III/2,112,2148,,,
GE,"1 SS Pz Div",1ss,,113,,,,
GE,"1 SS Pz Div",1ss,,114,2149,,,
GE,"1 SS Pz Div",1ss,I/1,115,2150,,,
GE,"1 SS Pz Div",1ss,II/1,116,2151,,,
GE,"1 SS Pz Div",1ss,PzJg,117,2152,,,
GE,"1 SS Pz Div",1ss,StuG,118,2153,,,
GE,"1 SS Pz Div",1ss,,119,,,,
GE,"21 Pz Div",21,,120,2154,,,
GE,"21 Pz Div",21,I/155,121,3059,,,
GE,"21 Pz Div",21,II/155,122,3059,,,
GE,"21 Pz Div",21,III/155,123,3059,,,
GE,"21 Pz Div",21,1/200,124,2155,,,
GE,"21 Pz Div",21,2/200,125,2156,,,
GE,"21 Pz Div",21,3/200,126,2157,,,
GE,"21 Pz Div",21,305,127,2158,,,
GE,"21 Pz Div",21,220,128,2159,,,
GE,"21 Pz Div",21,I/125,129,2160,,,
GE,"21 Pz Div",21,I/192,130,2161,,,
GE,"21 Pz Div",21,II/125,131,2162,,,
GE,"21 Pz Div",21,II/192,132,2163,,,
GE,"21 Pz Div",21,,133,,,,
GE,"21 Pz Div",21,10/125,134,3059,,,
GE,"21 Pz Div",21,10/155,135,3059,,,
GE,"21 Pz Div",21,10/192,136,3059,,,
GE,"21 Pz Div",21,21,137,3059,,,
GE,"21 Pz Div",21,200,138,2164,,,
GE,"21 Pz Div",21,I/100,139,2165,,,
GE,"21 Pz Div",21,II/100,140,2166,,,
GE,"21 Pz Div",21,,141,,,,
GE,"243 Inf Div",243,I/243,142,3059,,,
GE,"243 Inf Div",243,II/243,143,3059,,,
GE,"243 Inf Div",243,III/243,144,3059,,,
GE,"243 Inf Div",243,PzJg,145,,,,
GE,"243 Inf Div",243,PzJg,146,2167,,,
GE,"243 Inf Div",243,I/920,147,2168,,,
GE,"243 Inf Div",243,I/921,148,2169,,,
GE,"243 Inf Div",243,I/922,149,2170,,,
GE,"243 Inf Div",243,II/920,150,2171,,,
GE,"243 Inf Div",243,II/921,151,2172,,,
GE,"243 Inf Div",243,II/922,152,2173,,,
GE,"243 Inf Div",243,III/921,153,2174,,,
GE,"243 Inf Div",243,III/922,154,2175,,,
GE,"243 Inf Div",243,,155,,,,
GE,"243 Inf Div",243,,156,,,,
GE,"243 Inf Div",243,1243,157,,,,
GE,"265 Inf Div",265,I/265,158,3059,,,
GE,"265 Inf Div",265,II/265,159,3059,,,
GE,"265 Inf Div",265,III/265,160,3059,,,
GE,"265 Inf Div",265,,161,2176,,,
GE,"265 Inf Div",265,I/894,162,2177,,,
GE,"265 Inf Div",265,I/895,163,2178,,,
GE,"265 Inf Div",265,I/896,164,2179,,,
GE,"265 Inf Div",265,II/894,165,2180,,,
GE,"265 Inf Div",265,II/895,166,2181,,,
GE,"265 Inf Div",265,II/896,167,2182,,,
GE,"265 Inf Div",265,,168,2183,,,
GE,"265 Inf Div",265,,169,,,,
GE,"266 Inf Div",266,I/266,170,3059,,,
GE,"266 Inf Div",266,II/266,171,3059,,,
GE,"266 Inf Div",266,III/266,172,3059,,,
GE,"266 Inf Div",266,,173,2184,,,
GE,"266 Inf Div",266,I/897,174,2185,,,
GE,"266 Inf Div",266,I/899,175,2186,,,
GE,"266 Inf Div",266,II/897,176,2187,,,
GE,"266 Inf Div",266,II/899,177,2188,,,
GE,"266 Inf Div",266,III/897,178,2189,,,
GE,"266 Inf Div",266,III/899,179,2190,,,
GE,"266 Inf Div",266,,180,2191,,,
GE,"266 Inf Div",266,,181,,,,
GE,"271 Inf Div",271,I/271,182,3059,,,
GE,"271 Inf Div",271,II/271,183,3059,,,
GE,"271 Inf Div",271,III/271,184,3059,,,
GE,"271 Inf Div",271,,185,2192,,,
GE,"271 Inf Div",271,IV/271,186,3059,,,
GE,"271 Inf Div",271,I/977,187,2193,,,
GE,"271 Inf Div",271,I/978,188,2194,,,
GE,"271 Inf Div",271,I/979,189,2195,,,
GE,"271 Inf Div",271,II/977,190,2196,,,
GE,"271 Inf Div",271,II/978,191,2197,,,
GE,"271 Inf Div",271,II/979,192,2198,,,
GE,"271 Inf Div",271,,193,,,,
GE,"271 Inf Div",271,,194,2199,,,
GE,"271 Inf Div",271,,195,,,,
GE,"272 Inf Div",272,I/272,196,3059,,,
GE,"272 Inf Div",272,II/272,197,3059,,,
GE,"272 Inf Div",272,III/272,198,3059,,,
GE,"272 Inf Div",272,IV/272,199,3059,,,
GE,"272 Inf Div",272,,200,220,,,
GE,"272 Inf Div",272,I/980,201,2201,,,
GE,"272 Inf Div",272,I/981,202,2202,,,
GE,"272 Inf Div",272,I/982,203,2203,,,
GE,"272 Inf Div",272,II/980,204,2204,,,
GE,"272 Inf Div",272,II/981,205,2205,,,
GE,"272 Inf Div",272,II/982,206,2206,,,
GE,"272 Inf Div",272,,207,,,,
GE,"272 Inf Div",272,,208,2207,,,
GE,"272 Inf Div",272,,209,2208,,,
GE,"272 Inf Div",272,,210,,,,
GE,"275 Inf Div",275,I/275,211,3059,,,
GE,"275 Inf Div",275,II/275,212,3059,,,
GE,"275 Inf Div",275,III/275,213,3059,,,
GE,"275 Inf Div",275,IV/275,214,3059,,,
GE,"275 Inf Div",275,,215,,,,
GE,"275 Inf Div",275,1/275,216,,,,
GE,"275 Inf Div",275,2/275,217,,,,
GE,"275 Inf Div",275,3/275,218,,,,
GE,"275 Inf Div",275,I/983,219,2209,,,
GE,"275 Inf Div",275,I/984,220,2210,,,
GE,"275 Inf Div",275,I/985,221,2211,,,
GE,"275 Inf Div",275,II/983,222,2212,,,
GE,"275 Inf Div",275,II/984,223,2213,,,
GE,"275 Inf Div",275,II/985,224,2214,,,
GE,"275 Inf Div",275,,225,,,,
GE,"275 Inf Div",275,,226,2215,,,
GE,"275 Inf Div",275,,227,2216,,,
GE,"275 Inf Div",275,,228,,,,
GE,"276 Inf Div",276,I/276,229,3059,,,
GE,"276 Inf Div",276,II/276,230,3059,,,
GE,"276 Inf Div",276,III/276,231,3059,,,
GE,"276 Inf Div",276,IV/276,232,3059,,,
GE,"276 Inf Div",276,,233,2217,,,
GE,"276 Inf Div",276,I/986,234,2218,,,
GE,"276 Inf Div",276,I/987,235,2219,,,
GE,"276 Inf Div",276,I/988,236,2220,,,
GE,"276 Inf Div",276,II/986,237,2221,,,
GE,"276 Inf Div",276,II/987,238,2222,,,
GE,"276 Inf Div",276,II/988,239,2223,,,
GE,"276 Inf Div",276,,240,,,,
GE,"276 Inf Div",276,,241,2224,,,
GE,"276 Inf Div",276,,242,2225,,,
GE,"276 Inf Div",276,,243,,,,
GE,"277 Inf Div",277,I/277,244,3059,,,
GE,"277 Inf Div",277,II/277,245,3059,,,
GE,"277 Inf Div",277,III/277,246,3059,,,
GE,"277 Inf Div",277,IV/277,247,3059,,,
GE,"277 Inf Div",277,,248,2226,,,
GE,"277 Inf Div",277,I/989,249,2227,,,
GE,"277 Inf Div",277,I/990,250,2228,,,
GE,"277 Inf Div",277,I/991,251,2229,,,
GE,"277 Inf Div",277,II/989,252,2230,,,
GE,"277 Inf Div",277,II/990,253,2231,,,
GE,"277 Inf Div",277,II/991,254,2232,,,
GE,"277 Inf Div",277,,255,,,,
GE,"277 Inf Div",277,,256,2233,,,
GE,"277 Inf Div",277,,257,2234,,,
GE,"277 Inf Div",277,,258,,,,
GE,"2 Pz Div",2,,259,2235,,,
GE,"2 Pz Div",2,I/2,260,3059,,,
GE,"2 Pz Div",2,II/2,261,3059,,,
GE,"2 Pz Div",2,III/2,262,3059,,,
GE,"2 Pz Div",2,,263,2236,,,
GE,"2 Pz Div",2,273,264,2237,,,
GE,"2 Pz Div",2,10/2,265,3059,,,
GE,"2 Pz Div",2,38,266,2238,,,
GE,"2 Pz Div",2,I/2,267,2239,,,
GE,"2 Pz Div",2,I/304,268,2240,,,
GE,"2 Pz Div",2,II/2,269,2241,,,
GE,"2 Pz Div",2,II/304,270,2242,,,
GE,"2 Pz Div",2,,271,,,,
GE,"2 Pz Div",2,,272,,,,
GE,"2 Pz Div",2,38,273,2243,,,
GE,"2 Pz Div",2,I/3,274,2244,,,
GE,"2 Pz Div",2,II/3,275,2245,,,
GE,"2 Pz Div",2,,276,,,,
GE,"2 SS Pz Div",2ss,,277,2246,,,
GE,"2 SS Pz Div",2ss,I/2,278,3059,,,
GE,"2 SS Pz Div",2ss,II/2,279,3059,,,
GE,"2 SS Pz Div",2ss,III/2,280,3059,,,
GE,"2 SS Pz Div",2ss,,281,2247,,,
GE,"2 SS Pz Div",2ss,,282,2248,,,
GE,"2 SS Pz Div",2ss,10/2,283,3059,,,
GE,"2 SS Pz Div",2ss,I/3,284,2249,,,
GE,"2 SS Pz Div",2ss,I/4,285,2250,,,
GE,"2 SS Pz Div",2ss,II/3,286,2251,,,
GE,"2 SS Pz Div",2ss,II/4,287,2252,,,
GE,"2 SS Pz Div",2ss,III/3,288,2253,,,
GE,"2 SS Pz Div",2ss,III/4,289,2254,,,
GE,"2 SS Pz Div",2ss,,290,,,,
GE,"2 SS Pz Div",2ss,,291,2255,,,
GE,"2 SS Pz Div",2ss,I/2,292,2256,,,
GE,"2 SS Pz Div",2ss,II/2,293,2257,,,
GE,"2 SS Pz Div",2ss,PzJg,294,2258,,,
GE,"2 SS Pz Div",2ss,StuG,295,2259,,,
GE,"2 SS Pz Div",2ss,,296,,,,
GE,"319 Inf Div",319,I/319,297,3059,,,
GE,"319 Inf Div",319,II/319,298,3059,,,
GE,"319 Inf Div",319,III/319,299,3059,,,
GE,"319 Inf Div",319,IV/319,300,3059,,,
GE,"319 Inf Div",319,"450 Schn",301,2260,,,
GE,"319 Inf Div",319,Schnell,302,2261,,,
GE,"319 Inf Div",319,16,303,2262,,,
GE,"319 Inf Div",319,I/582,304,2263,,,
GE,"319 Inf Div",319,I/583,305,2264,,,
GE,"319 Inf Div",319,I/584,306,2265,,,
GE,"319 Inf Div",319,II/582,307,2266,,,
GE,"319 Inf Div",319,II/583,308,2267,,,
GE,"319 Inf Div",319,II/584,309,2268,,,
GE,"319 Inf Div",319,III/582,310,2269,,,
GE,"319 Inf Div",319,III/583,311,2270,,,
GE,"319 Inf Div",319,III/584,312,2271,,,
GE,"319 Inf Div",319,,313,2272,,,
GE,"319 Inf Div",319,,314,,,,
GE,"326 Inf Div",326,I/326,315,3059,,,
GE,"326 Inf Div",326,II/326,316,3059,,,
GE,"326 Inf Div",326,III/326,317,3059,,,
GE,"326 Inf Div",326,,318,2273,,,
GE,"326 Inf Div",326,I/751,319,2274,,,
GE,"326 Inf Div",326,I/752,320,2275,,,
GE,"326 Inf Div",326,I/753,321,2276,,,
GE,"326 Inf Div",326,II/751,322,2277,,,
GE,"326 Inf Div",326,II/752,323,2278,,,
GE,"326 Inf Div",326,II/753,324,2279,,,
GE,"326 Inf Div",326,,325,,,,
GE,"326 Inf Div",326,,326,2280,,,
GE,"326 Inf Div",326,,327,2281,,,
GE,"326 Inf Div",326,,328,,,,
GE,"331 Inf Div",331,I/331,329,3059,,,
GE,"331 Inf Div",331,II/331,330,3059,,,
GE,"331 Inf Div",331,III/331,331,3059,,,
GE,"331 Inf Div",331,,332,2282,,,
GE,"331 Inf Div",331,I/557,333,2283,,,
GE,"331 Inf Div",331,I/558,334,2284,,,
GE,"331 Inf Div",331,I/559,335,2285,,,
GE,"331 Inf Div",331,II/557,336,2286,,,
GE,"331 Inf Div",331,II/558,337,2287,,,
GE,"331 Inf Div",331,II/559,338,2288,,,
GE,"331 Inf Div",331,,339,2289,,,
GE,"331 Inf Div",331,,340,,,,
GE,"343 Inf Div",343,I/851,341,2290,,,
GE,"343 Inf Div",343,I/852,342,2291,,,
GE,"343 Inf Div",343,I/898,343,2292,,,
GE,"343 Inf Div",343,II/851,344,2293,,,
GE,"343 Inf Div",343,II/852,345,2294,,,
GE,"343 Inf Div",343,II/898,346,2295,,,
GE,"343 Inf Div",343,III/851,347,2296,,,
GE,"343 Inf Div",343,III/852,348,2297,,,
GE,"343 Inf Div",343,III/898,349,2298,,,
GE,"343 Inf Div",343,,350,2299,,,
GE,"343 Inf Div",343,,351,,,,
GE,"344 Inf Div",344,I/344,352,3059,,,
GE,"344 Inf Div",344,II/344,353,3059,,,
GE,"344 Inf Div",344,III/344,354,3059,,,
GE,"344 Inf Div",344,PzJg,355,,,,
GE,"344 Inf Div",344,I/854,356,230,,,
GE,"344 Inf Div",344,I/855,357,2301,,,
GE,"344 Inf Div",344,I/856,358,2302,,,
GE,"344 Inf Div",344,II/854,359,2303,,,
GE,"344 Inf Div",344,II/855,360,2304,,,
GE,"344 Inf Div",344,II/856,361,2305,,,
GE,"344 Inf Div",344,,362,,,,
GE,"344 Inf Div",344,,363,2306,,,
GE,"344 Inf Div",344,,364,2307,,,
GE,"344 Inf Div",344,,365,,,,
GE,"344 Inf Div",344,StuG,366,,,,
GE,"346 Inf Div",346,I/346,367,3059,,,
GE,"346 Inf Div",346,II/346,368,3059,,,
GE,"346 Inf Div",346,III/346,369,3059,,,
GE,"346 Inf Div",346,,370,2308,,,
GE,"346 Inf Div",346,1346,371,,,,
GE,"346 Inf Div",346,I/762,372,2309,,,
GE,"346 Inf Div",346,I/857,373,2310,,,
GE,"346 Inf Div",346,I/858,374,2311,,,
GE,"346 Inf Div",346,II/762,375,2312,,,
GE,"346 Inf Div",346,II/857,376,2313,,,
GE,"346 Inf Div",346,II/858,377,2314,,,
GE,"346 Inf Div",346,,378,2315,,,
GE,"346 Inf Div",346,,379,2316,,,
GE,"346 Inf Div",346,,380,,,,
GE,"352 Inf Div",352,I/352,381,3059,,,
GE,"352 Inf Div",352,II/352,382,3059,,,
GE,"352 Inf Div",352,III/352,383,3059,,,
GE,"352 Inf Div",352,IV/352,384,3059,,,
GE,"352 Inf Div",352,PzJg,385,,,,
GE,"352 Inf Div",352,PzJg,386,2317,,,
GE,"352 Inf Div",352,513,387,2318,,,
GE,"352 Inf Div",352,517,388,2319,,,
GE,"352 Inf Div",352,518,389,2320,,,
GE,"352 Inf Div",352,I/914,390,2321,,,
GE,"352 Inf Div",352,I/915,391,2322,,,
GE,"352 Inf Div",352,I/916,392,2323,,,
GE,"352 Inf Div",352,II/914,393,2324,,,
GE,"352 Inf Div",352,II/915,394,2325,,,
GE,"352 Inf Div",352,II/916,395,2326,,,
GE,"352 Inf Div",352,,396,,,,
GE,"352 Inf Div",352,,397,2327,,,
GE,"352 Inf Div",352,,398,2328,,,
GE,"352 Inf Div",352,,399,,,,
GE,"352 Inf Div",352,1352,400,,,,
GE,"353 Inf Div",353,I/353,401,3059,,,
GE,"353 Inf Div",353,II/353,402,3059,,,
GE,"353 Inf Div",353,III/353,403,3059,,,
GE,"353 Inf Div",353,IV/353,404,3059,,,
GE,"353 Inf Div",353,PzJg,405,2329,,,
GE,"353 Inf Div",353,I/941,406,2330,,,
GE,"353 Inf Div",353,I/942,407,2331,,,
GE,"353 Inf Div",353,I/943,408,2332,,,
GE,"353 Inf Div",353,II/941,409,2333,,,
GE,"353 Inf Div",353,II/942,410,2334,,,
GE,"353 Inf Div",353,II/943,411,2335,,,
GE,"353 Inf Div",353,,412,,,,
GE,"353 Inf Div",353,,413,2336,,,
GE,"353 Inf Div",353,,414,2337,,,
GE,"353 Inf Div",353,,415,,,,
GE,"353 Inf Div",353,1353,416,,,,
GE,"363 Inf Div",363,I/363,417,3059,,,
GE,"363 Inf Div",363,II/363,418,3059,,,
GE,"363 Inf Div",363,III/363,419,3059,,,
GE,"363 Inf Div",363,IV/363,420,3059,,,
GE,"363 Inf Div",363,,421,2338,,,
GE,"363 Inf Div",363,I/957,422,2339,,,
GE,"363 Inf Div",363,I/958,423,2340,,,
GE,"363 Inf Div",363,I/959,424,2341,,,
GE,"363 Inf Div",363,II/957,425,2342,,,
GE,"363 Inf Div",363,II/958,426,2343,,,
GE,"363 Inf Div",363,II/959,427,2344,,,
GE,"363 Inf Div",363,,428,,,,
GE,"363 Inf Div",363,,429,2345,,,
GE,"363 Inf Div",363,,430,2346,,,
GE,"363 Inf Div",363,,431,,,,
GE,"708 Inf Div",708,I/1708,432,3059,,,
GE,"708 Inf Div",708,,433,2347,,,
GE,"708 Inf Div",708,I/728,434,2348,,,
GE,"708 Inf Div",708,I/748,435,2349,,,
GE,"708 Inf Div",708,I/769,436,2350,,,
GE,"708 Inf Div",708,II/728,437,2351,,,
GE,"708 Inf Div",708,II/748,438,2352,,,
GE,"708 Inf Div",708,II/760,439,2353,,,
GE,"708 Inf Div",708,,440,2354,,,
GE,"708 Inf Div",708,,441,,,,
GE,"709 Inf Div",709,I/1709,442,3059,,,
GE,"709 Inf Div",709,III/1709,443,3059,,,
GE,"709 Inf Div",709,IV/709,444,3059,,,
GE,"709 Inf Div",709,,445,2355,,,
GE,"709 Inf Div",709,PzJg,446,,,,
GE,"709 Inf Div",709,1709,447,,,,
GE,"709 Inf Div",709,II/1709,448,3059,,,
GE,"709 Inf Div",709,I/729,449,2356,,,
GE,"709 Inf Div",709,I/739,450,2357,,,
GE,"709 Inf Div",709,I/919,451,2358,,,
GE,"709 Inf Div",709,II/729,452,2359,,,
GE,"709 Inf Div",709,II/739,453,2360,,,
GE,"709 Inf Div",709,II/919,454,2361,,,
GE,"709 Inf Div",709,III/729,455,2362,,,
GE,"709 Inf Div",709,III/739,456,2363,,,
GE,"709 Inf Div",709,III/919,457,2364,,,
GE,"709 Inf Div",709,,458,2365,,,
GE,"709 Inf Div",709,,459,,,,
GE,"711 Inf Div",711,I/711,460,3059,,,
GE,"711 Inf Div",711,II/711,461,3059,,,
GE,"711 Inf Div",711,III/711,462,3059,,,
GE,"711 Inf Div",711,,463,2366,,,
GE,"711 Inf Div",711,I/731,464,2367,,,
GE,"711 Inf Div",711,I/744,465,2368,,,
GE,"711 Inf Div",711,II/731,466,2369,,,
GE,"711 Inf Div",711,II/744,467,2370,,,
GE,"711 Inf Div",711,III/731,468,2371,,,
GE,"711 Inf Div",711,III/744,469,2372,,,
GE,"711 Inf Div",711,,470,,,,
GE,"711 Inf Div",711,,471,2373,,,
GE,"711 Inf Div",711,,472,,,,
GE,"716 Inf Div",716,,473,2374,,,
GE,"716 Inf Div",716,PzJg,474,,,,
GE,"716 Inf Div",716,1716,475,2375,,,
GE,"716 Inf Div",716,I/726,476,2376,,,
GE,"716 Inf Div",716,I/736,477,2377,,,
GE,"716 Inf Div",716,II/726,478,2378,,,
GE,"716 Inf Div",716,II/736,479,2379,,,
GE,"716 Inf Div",716,III/726,480,2380,,,
GE,"716 Inf Div",716,III/736,481,2381,,,
GE,"716 Inf Div",716,,482,2382,,,
GE,"716 Inf Div",716,,483,,,,
GE,"752 Rgt",752,,484,,,,
GE,"77 Inf Div",77,I/177,485,3059,,,
GE,"77 Inf Div",77,II/177,486,3059,,,
GE,"77 Inf Div",77,III/77,487,2383,,,
GE,"77 Inf Div",77,,488,,,,
GE,"77 Inf Div",77,,489,2384,,,
GE,"77 Inf Div",77,177,490,2385,,,
GE,"77 Inf Div",77,I/1049,491,2386,,,
GE,"77 Inf Div",77,I/1050,492,2387,,,
GE,"77 Inf Div",77,II/1049,493,2388,,,
GE,"77 Inf Div",77,II/1050,494,2389,,,
GE,"77 Inf Div",77,III/1049,495,2390,,,
GE,"77 Inf Div",77,III/1050,496,2391,,,
GE,"77 Inf Div",77,,497,,,,
GE,"7 NW Bde",7,I/83,498,3059,,,
GE,"7 NW Bde",7,I/84,499,3059,,,
GE,"7 NW Bde",7,II/83,500,3059,,,
GE,"7 NW Bde",7,II/84,501,3059,,,
GE,"7 NW Bde",7,III/83,502,3059,,,
GE,"7 NW Bde",7,III/84,503,3059,,,
GE,"7 NW Bde","7 NW",,504,,,,
GE,"84 Inf Div",84,I/84,505,3059,,,
GE,"84 Inf Div",84,II/84,506,3059,,,
GE,"84 Inf Div",84,III/84,507,3059,,,
GE,"84 Inf Div",84,184,508,2392,,,
GE,"84 Inf Div",84,IV/84,509,2393,,,
GE,"84 Inf Div",84,184,510,2394,,,
GE,"84 Inf Div",84,I/1051,511,2395,,,
GE,"84 Inf Div",84,I/1052,512,2396,,,
GE,"84 Inf Div",84,II/1051,513,2397,,,
GE,"84 Inf Div",84,II/1052,514,2398,,,
GE,"84 Inf Div",84,III/1051,515,2399,,,
GE,"84 Inf Div",84,III/1052,516,240,,,
GE,"84 Inf Div",84,,517,,,,
GE,"84 Inf Div",84,,518,2401,,,
GE,"84 Inf Div",84,,519,,,,
GE,"85 Inf Div",85,I/85,520,3059,,,
GE,"85 Inf Div",85,II/85,521,3059,,,
GE,"85 Inf Div",85,185,522,2402,,,
GE,"85 Inf Div",85,III/85,523,2403,,,
GE,"85 Inf Div",85,185,524,2404,,,
GE,"85 Inf Div",85,I/1053,525,2405,,,
GE,"85 Inf Div",85,I/1054,526,2406,,,
GE,"85 Inf Div",85,II/1053,527,2407,,,
GE,"85 Inf Div",85,II/1054,528,2408,,,
GE,"85 Inf Div",85,III/1053,529,2409,,,
GE,"85 Inf Div",85,III/1054,530,2410,,,
GE,"85 Inf Div",85,,531,,,,
GE,"85 Inf Div",85,,532,2411,,,
GE,"85 Inf Div",85,,533,,,,
GE,"89 Inf Div",89,I/189,534,3059,,,
GE,"89 Inf Div",89,II/189,535,3059,,,
GE,"89 Inf Div",89,III/189,536,3059,,,
GE,"89 Inf Div",89,IV/189,537,2412,,,
GE,"89 Inf Div",89,,538,2413,,,
GE,"89 Inf Div",89,189,539,2414,,,
GE,"89 Inf Div",89,I/1055,540,2415,,,
GE,"89 Inf Div",89,I/1056,541,2416,,,
GE,"89 Inf Div",89,II/1055,542,2417,,,
GE,"89 Inf Div",89,II/1056,543,2418,,,
GE,"89 Inf Div",89,III/1055,544,2419,,,
GE,"89 Inf Div",89,III/1056,545,2420,,,
GE,"89 Inf Div",89,,546,2421,,,
GE,"89 Inf Div",89,,547,,,,
GE,"8 NW Bde",8,I/5,548,3059,,,
GE,"8 NW Bde",8,I/6,549,3059,,,
GE,"8 NW Bde",8,II/5,550,3059,,,
GE,"8 NW Bde",8,II/6,551,3059,,,
GE,"8 NW Bde",8,III/5,552,3059,,,
GE,"8 NW Bde",8,III/6,553,3059,,,
GE,"8 NW Bde","8 NW",,554,,,,
GE,"91 Inf Div",91,I/191,555,3059,,,
GE,"91 Inf Div",91,II/191,556,3059,,,
GE,"91 Inf Div",91,III/191,557,3059,,,
GE,"91 Inf Div",91,,558,2422,,,
LW,"91 Inf Div",91,"13/6 FS",559,3060,,,
GE,"91 Inf Div",91,191,560,2423,,,
GE,"91 Inf Div",91,I/1057,561,2424,,,
GE,"91 Inf Div",91,I/1058,562,2425,,,
LW,"91 Inf Div",91,"I/6 FS",563,2426,,,
GE,"91 Inf Div",91,II/1057,564,2427,,,
GE,"91 Inf Div",91,II/1058,565,2428,,,
LW,"91 Inf Div",91,"II/6 FS",566,2429,,,
GE,"91 Inf Div",91,III/1057,567,2430,,,
GE,"91 Inf Div",91,III/1058,568,2431,,,
LW,"91 Inf Div",91,"III/6 FS",569,2432,,,
GE,"91 Inf Div",91,,570,,,,
GE,"91 Inf Div",91,,571,2433,,,
GE,"91 Inf Div",91,,572,,,,
GE,"9 Pz Div",9,,573,2434,,,
GE,"9 Pz Div",9,I/102,574,3059,,,
GE,"9 Pz Div",9,II/102,575,3059,,,
GE,"9 Pz Div",9,III/102,576,3059,,,
GE,"9 Pz Div",9,287,577,2435,,,
GE,"9 Pz Div",9,86,578,2436,,,
GE,"9 Pz Div",9,I/10,579,2437,,,
GE,"9 Pz Div",9,I/11,580,2438,,,
GE,"9 Pz Div",9,II/10,581,2439,,,
GE,"9 Pz Div",9,II/11,582,2440,,,
GE,"9 Pz Div",9,,583,,,,
GE,"9 Pz Div",9,I/33,584,2441,,,
GE,"9 Pz Div",9,II/33,585,2442,,,
GE,"9 Pz Div",9,,586,,,,
GE,"9 NW Bde",9,1,587,3059,,,
GE,"9 NW Bde",9,7,588,3059,,,
GE,"9 NW Bde",9,I/14,589,3059,,,
GE,"9 NW Bde",9,I/54,590,3059,,,
GE,"9 NW Bde",9,II/14,591,3059,,,
GE,"9 NW Bde",9,II/54,592,3059,,,
GE,"9 NW Bde",9,III/14,593,3059,,,
GE,"9 NW Bde",9,III/54,594,3059,,,
GE,"9 NW Bde",9,"PzB 105",595,3059,,,
GE,"9 NW Bde","9 NW",,596,,,,
GE,"9 SS Pz Div",9ss,,597,2443,,,
GE,"9 SS Pz Div",9ss,I/9,598,3059,,,
GE,"9 SS Pz Div",9ss,II/9,599,3059,,,
GE,"9 SS Pz Div",9ss,III/9,600,3059,,,
GE,"9 SS Pz Div",9ss,IV/9,601,3059,,,
GE,"9 SS Pz Div",9ss,,602,2444,,,
GE,"9 SS Pz Div",9ss,,603,2445,,,
GE,"9 SS Pz Div",9ss,13/9,604,3059,,,
GE,"9 SS Pz Div",9ss,I/19,605,2446,,,
GE,"9 SS Pz Div",9ss,I/20,606,2447,,,
GE,"9 SS Pz Div",9ss,II/19,607,2448,,,
GE,"9 SS Pz Div",9ss,II/20,608,2449,,,
GE,"9 SS Pz Div",9ss,III/19,609,2450,,,
GE,"9 SS Pz Div",9ss,III/20,610,2451,,,
GE,"9 SS Pz Div",9ss,,611,,,,
GE,"9 SS Pz Div",9ss,,612,2452,,,
GE,"9 SS Pz Div",9ss,I/9,613,2453,,,
GE,"9 SS Pz Div",9ss,II/9,614,2454,,,
GE,"9 SS Pz Div",9ss,PzJg,615,2455,,,
GE,"9 SS Pz Div",9ss,StuG,616,2456,,,
GE,"9 SS Pz Div",9ss,,617,,,,
GE,"Coastal Arty",,10/1261,618,3059,,,
GE,"Coastal Arty",,10/1716,619,3059,,,
GE,"Coastal Arty",,1/1260,620,3059,,,
GE,"Coastal Arty",,1/1261,621,3059,,,
GE,"Coastal Arty",,1/1262,622,3059,,,
GE,"Coastal Arty",,1/1716,623,3059,,,
GE,"Coastal Arty",,2/1255,624,3059,,,
GE,"Coastal Arty",,2/1260,625,3059,,,
GE,"Coastal Arty",,2/1261,626,3059,,,
GE,"Coastal Arty",,2/1262,627,3059,,,
GE,"Coastal Arty",,2/1716,628,3059,,,
GE,"Coastal Arty",,3/1255,629,3059,,,
GE,"Coastal Arty",,3/1260,630,3059,,,
GE,"Coastal Arty",,3/1261,631,3059,,,
GE,"Coastal Arty",,3/1262,632,3059,,,
GE,"Coastal Arty",,3/1716,633,3059,,,
GE,"Coastal Arty",,4/1255,634,3059,,,
GE,"Coastal Arty",,4/1261,635,3059,,,
GE,"Coastal Arty",,4/1262,636,3059,,,
GE,"Coastal Arty",,4/1716,637,3059,,,
GE,"Coastal Arty",,5/1261,638,3059,,,
GE,"Coastal Arty",,5/1716,639,3059,,,
GE,"Coastal Arty",,6/1261,640,3059,,,
GE,"Coastal Arty",,6/1716,641,3059,,,
GE,"Coastal Arty",,7/1261,642,3059,,,
GE,"Coastal Arty",,7/1716,643,3059,,,
GE,"Coastal Arty",,8/1261,644,3059,,,
GE,"Coastal Arty",,8/1716,645,3059,,,
GE,"Coastal Arty",,9/1261,646,3059,,,
GE,"Coastal Arty",,9/1716,647,3059,,,
GE,Corps,"II^ss Panzer",,648,,,,
GE,Corps,"Iss Panzer",,649,,,,
GE,Corps,"LVIII Panzer",,650,,,,
GE,Corps,LXXIV,,651,,,,
GE,Corps,LXXXIV,,652,,,,
GE,Corps,LXXXVI,,653,,,,
GE,Corps,"XLVII Panzer",,654,,,,
GE,"Ind Arm",,100,655,,,,
GE,"Ind Arm",,1/101,656,2457,,,
GE,"Ind Arm",,1/102,657,2458,,,
GE,"Ind Arm",,1/503,658,2459,,,
GE,"Ind Arm",,1/654,659,2460,,,
GE,"Ind Arm",,1/668,660,2461,,,
GE,"Ind Arm",,205,661,,,,
GE,"Ind Arm",,206,662,,,,
GE,"Ind Arm",,2/101,663,2462,,,
GE,"Ind Arm",,2/102,664,2463,,,
GE,"Ind Arm",,213,665,2464,,,
GE,"Ind Arm",,2/503,666,2465,,,
GE,"Ind Arm",,2/654,667,2466,,,
GE,"Ind Arm",,2/668,668,2467,,,
GE,"Ind Arm",,3/101,669,2468,,,
GE,"Ind Arm",,3/102,670,2469,,,
GE,"Ind Arm",,3/503,671,2470,,,
GE,"Ind Arm",,3/654,672,2471,,,
GE,"Ind Arm",,3/668,673,2472,,,
GE,"Ind Arm",,394,674,2473,,,
GE,"Ind Arm",,902,675,2474,,,
GE,"Ind Arty",,1151,676,3059,,,
GE,"Ind Arty",,1192,677,3059,,,
GE,"Ind Arty",,1193,678,3059,,,
GE,"Ind Arty",,1194,679,3059,,,
GE,"Ind Arty",,1198,680,3059,,,
GE,"Ind Arty",,1/Iss,681,3059,,,
GE,"Ind Arty",,217,682,3059,,,
GE,"Ind Arty",,2/Iss,683,3059,,,
GE,"Ind Arty",,456,684,3059,,,
GE,"Ind Arty",,458,685,3059,,,
GE,"Ind Arty",,460,686,3059,,,
GE,"Ind Arty",,467,687,3059,,,
GE,"Ind Arty",,555,688,3059,,,
GE,"Ind Arty",,625,689,3059,,,
GE,"Ind Arty",,628,690,3059,,,
GE,"Ind Arty",,722,691,3059,,,
GE,"Ind Arty",,725,692,3059,,,
GE,"Ind Arty",,763,693,3059,,,
GE,"Ind Arty",,861,694,3059,,,
GE,"Ind Arty",,934,695,3059,,,
GE,"Ind Arty",,937,696,3059,,,
GE,"Ind Arty",,989,697,3059,,,
GE,"Ind Arty",,992,698,3059,,,
GE,"Ind Arty",,AUTON,699,3059,,,
GE,"Ind Arty",,SUIPPE,700,3059,,,
GE,"Ind Arty",,657,701,2475,,,
GE,"Ind Arty",,"KG 895",702,,,,
GE,"Ind Arty",,151,703,3059,,,
GE,"Ind Arty",,3/Iss,704,3059,,,
GE,"Ind Arty",,II^ss,705,3059,,,
GE,"Ind Arty",,Iss,706,3059,,,
GE,"Ind Inf",,1/17,707,,,,
GE,"Ind Inf",,1/2,708,,,,
GE,"Ind Inf",,1/3,710,,,,
GE,"Ind Inf",,1/84K,711,,,,
GE,"Ind Inf",,2/17,712,,,,
GE,"Ind Inf",,264,713,,,,
GE,"Ind Inf",,281,714,,,,
GE,"Ind Inf",,2/84K,715,,,,
GE,"Ind Inf",,285,716,,,,
GE,"Ind Inf",,3/17,717,,,,
GE,"Ind Inf",,3/84K,718,,,,
GE,"Ind Inf",,4/193,719,,,,
GE,"Ind Inf",,435,720,,,,
GE,"Ind Inf",,439,721,,,,
GE,"Ind Inf",,441,722,,,,
GE,"Ind Inf",,4/84K,723,,,,
GE,"Ind Inf",,505,724,2476,,,
GE,"Ind Inf",,506,725,2477,,,
GE,"Ind Inf",,507,726,2478,,,
GE,"Ind Inf",,515,727,,,,
GE,"Ind Inf",,561,728,,,,
GE,"Ind Inf",,583,729,,,,
GE,"Ind Inf",,600,730,2479,,,
GE,"Ind Inf",,602,731,,,,
GE,"Ind Inf",,6/193,732,,,,
GE,"Ind Inf",,627,733,,,,
GE,"Ind Inf",,629,734,,,,
GE,"Ind Inf",,633,735,,,,
GE,"Ind Inf",,634,736,,,,
GE,"Ind Inf",,636,737,,,,
GE,"Ind Inf",,642,738,,,,
GE,"Ind Inf",,643,739,2480,,,
GE,"Ind Inf",,649,740,,,,
GE,"Ind Inf",,722,741,,,,
GE,"Ind Inf",,723,742,,,,
GE,"Ind Inf",,741,743,,,,
GE,"Ind Inf",,765,744,,,,
GE,"Ind Inf",,775,745,,,,
GE,"Ind Inf",,785,746,,,,
GE,"Ind Inf",,795,747,2481,,,
GE,"Ind Inf",,797,748,2482,,,
GE,"Ind Inf",,798,749,,,,
GE,"Ind Inf",,800,750,2483,,,
GE,"Ind Inf",,823,751,2484,,,
GE,"Ind Inf",,856,752,,,,
GE,"Ind Inf",,861,753,,,,
GE,"Ind Inf",,ANGER,754,2485,,,
GE,"Ind Inf",,"AOK 7",755,2486,,,
GE,"Ind Inf",,Huber,756,,,,
GE,"Ind Inf",,HW/193,757,,,,
GE,"Ind Inf",,I/11,758,,,,
GE,"Ind Inf",,I/6,759,,,,
GE,"Ind Inf",,II/193,760,,,,
GE,"Ind Inf",,II/521,762,,,,
GE,"Ind Inf",,III/195,763,,,,
GE,"Ind Inf",,II/Mitte,764,,,,
GE,"Rem & Repl",1,,765,,,,
GE,"Rem & Repl",2,,766,,,,
GE,"Rem & Repl",3,,767,,,,
GE,"Rem & Repl",4,,768,,,,
GE,"Rem & Repl",1,,769,,,,
GE,"Rem & Repl",2,,770,,,,
GE,"Rem & Repl",3,,771,,,,
GE,"Rem & Repl",4,,772,,,,
GE,"Rem & Repl",5,,773,,,,
GE,"Rem & Repl",6,,774,,,,
GE,"Rem & Repl",7,,775,,,,
GE,"Rem & Repl",8,,776,,,,
GE,"Rem & Repl",9,,777,,,,
GE,"Rem & Repl",10,,778,,,,
GE,"Rem & Repl",11,,779,,,,
GE,"Rem & Repl",12,,780,,,,
GE,"Rem & Repl",1,,781,,,,
GE,"Rem & Repl",2,,782,,,,
GE,"Rem & Repl",3,,783,,,,
GE,"Rem & Repl",4,,784,,,,
GE,"Rem & Repl",5,,785,,,,
GE,"Rem & Repl",6,,786,,,,
GE,"Rem & Repl",7,,787,,,,
GE,"Rem & Repl",8,,788,,,,
GE,"Rem & Repl",9,,789,,,,
GE,"Rem & Repl",10,,790,,,,
GE,"Rem & Repl",11,,791,,,,
GE,"Rem & Repl",12,,792,,,,
GE,"Rem & Repl",1,,793,,,,
GE,"Rem & Repl",2,,794,,,,
GE,"Rem & Repl",3,,795,,,,
GE,"Rem & Repl",4,,796,,,,
GE,"Rem & Repl",5,,797,,,,
GE,"Rem & Repl",6,,798,,,,
GE,"Rem & Repl",7,,799,,,,
GE,"Rem & Repl",8,,800,,,,
GE,"Rem & Repl",9,,801,,,,
GE,"Rem & Repl",10,,802,,,,
GE,"Rem & Repl",11,,803,,,,
GE,"Rem & Repl",12,,804,,,,
GE,"Rem & Repl",13,,805,,,,
GE,"Rem & Repl",14,,806,,,,
GE,"Rem & Repl",15,,807,,,,
GE,"Rem & Repl",16,,808,,,,
GE,"Rem & Repl",17,,809,,,,
GE,"Rem & Repl",18,,810,,,,
GE,"Rem & Repl",19,,811,,,,
GE,"Rem & Repl",20,,812,,,,
GE,"Rem & Repl",1,,813,,,,
GE,"Rem & Repl",2,,814,,,,
GE,"Rem & Repl",3,,815,,,,
GE,"Rem & Repl",4,,816,,,,
GE,"Rem & Repl",5,,817,,,,
GE,"Rem & Repl",6,,818,,,,
GE,"Rem & Repl",7,,819,,,,
GE,"Rem & Repl",8,,820,,,,
GE,"Rem & Repl",9,,821,,,,
GE,"Rem & Repl",10,,822,,,,
GE,"Rem & Repl",11,,823,,,,
GE,"Rem & Repl",12,,824,,,,
GE,"Rem & Repl",13,,825,,,,
GE,"Rem & Repl",14,,826,,,,
GE,"Rem & Repl",15,,827,,,,
GE,"Rem & Repl",16,,828,,,,
GE,"Rem & Repl",17,,829,,,,
GE,"Rem & Repl",18,,830,,,,
GE,"Rem & Repl",19,,831,,,,
GE,"Rem & Repl",,,832,,,,
GE,"Rem & Repl",,,833,,,,
GE,Supply,,,834,3070,,,
KM,"Coastal Arty",,"MBK MOLE",835,3061,,,
KM,"Coastal Arty",,"MKB BLANK",836,3061,,,
KM,"Coastal Arty",,"MKB BROM",837,3061,,,
KM,"Coastal Arty",,"MKB CHER",838,3061,,,
KM,"Coastal Arty",,"MKB HAMB",839,3061,,,
KM,"Coastal Arty",,"MKB LAND",840,3061,,,
KM,"Coastal Arty",,"MKB LONG",841,3061,,,
KM,"Coastal Arty",,"MKB MARC",842,3061,,,
KM,"Coastal Arty",,"MKB NICH",843,3061,,,
KM,"Coastal Arty",,"MKB PAIR",844,3061,,,
KM,"Coastal Arty",,"MKB ROUL",845,3061,,,
KM,"Coastal Arty",,"MKB YORK",846,3061,,,
KM,"Ind Inf",,MAR,847,,,,
LW,"16 LW Div","16 L",I/16,848,3060,,,
LW,"16 LW Div","16 L",II/16,849,3060,,,
LW,"16 LW Div","16 L",III/16,850,3060,,,
LW,"16 LW Div","16 L",,851,2487,,,
LW,"16 LW Div","16 L",,852,2488,,,
LW,"16 LW Div","16 L",I/31,853,2489,,,
LW,"16 LW Div","16 L",I/32,854,2490,,,
LW,"16 LW Div","16 L",I/45,855,2491,,,
LW,"16 LW Div","16 L",II/31,856,2492,,,
LW,"16 LW Div","16 L",II/32,857,2493,,,
LW,"16 LW Div","16 L",II/45,858,2494,,,
LW,"16 LW Div","16 L",,859,,,,
LW,"16 LW Div","16 L",,860,2495,,,
LW,"16 LW Div","16 LW",,861,,,,
LW,"17 LW Div","17 L",I/17,862,3060,,,
LW,"17 LW Div","17 L",II/17,863,3060,,,
LW,"17 LW Div","17 L",,864,2496,,,
LW,"17 LW Div","17 L",PzJg,865,,,,
LW,"17 LW Div","17 L",I/34,866,2497,,,
LW,"17 LW Div","17 L",I/47,867,2498,,,
LW,"17 LW Div","17 L",II/34,868,2499,,,
LW,"17 LW Div","17 L",II/47,869,2500,,,
LW,"17 LW Div","17 L",,870,,,,
LW,"17 LW Div","17 L",,871,2501,,,
LW,"17 LW Div","17 LW",,872,,,,
LW,"18 LW Div","18 L",I/18,873,3060,,,
LW,"18 LW Div","18 L",II/18,874,3060,,,
LW,"18 LW Div","18 L",III/18,875,3060,,,
LW,"18 LW Div","18 L",,876,2502,,,
LW,"18 LW Div","18 L",560,877,,,,
LW,"18 LW Div","18 L",I/35,878,2503,,,
LW,"18 LW Div","18 L",I/36,879,2504,,,
LW,"18 LW Div","18 L",I/47,880,2505,,,
LW,"18 LW Div","18 L",II/35,881,2506,,,
LW,"18 LW Div","18 L",II/36,882,2507,,,
LW,"18 LW Div","18 L",II/47,883,2508,,,
LW,"18 LW Div","18 L",,884,,,,
LW,"18 LW Div","18 L",,885,2509,,,
LW,"18 LW Div","18 L",,886,2510,,,
LW,"18 LW Div","18 L",,887,3060,,,
LW,"18 LW Div","18 LW",,888,,,,
LW,"1 FlaK Rgt",1,I/1,889,,,,
LW,"1 FlaK Rgt",1,I/2,890,,,,
LW,"1 FlaK Rgt",1,I/3,891,,,,
LW,"1 FlaK Rgt",1,I/4,892,,,,
LW,"1 FlaK Rgt",1,I/5,893,,,,
LW,"1 FlaK Rgt",1,II/1,894,,,,
LW,"1 FlaK Rgt",1,II/2,895,,,,
LW,"1 FlaK Rgt",1,II/3,896,,,,
LW,"1 FlaK Rgt",1,II/4,897,,,,
LW,"1 FlaK Rgt",1,II/5,898,,,,
LW,"1 FlaK Rgt",1,III/1,899,,,,
LW,"1 FlaK Rgt",1,III/2,900,,,,
LW,"1 FlaK Rgt",1,III/3,901,,,,
LW,"1 FlaK Rgt",1,III/4,902,,,,
LW,"1 FlaK Rgt",1,III/5,903,,,,
LW,"1 FlaK Rgt",1,,904,,,,
LW,"2 FlaK Rgt",2,I/1,905,,,,
LW,"2 FlaK Rgt",2,I/2,906,,,,
LW,"2 FlaK Rgt",2,I/3,907,,,,
LW,"2 FlaK Rgt",2,I/4,908,,,,
LW,"2 FlaK Rgt",2,I/5,909,,,,
LW,"2 FlaK Rgt",2,II/1,910,,,,
LW,"2 FlaK Rgt",2,II/2,911,,,,
LW,"2 FlaK Rgt",2,II/3,912,,,,
LW,"2 FlaK Rgt",2,II/4,913,,,,
LW,"2 FlaK Rgt",2,II/5,914,,,,
LW,"2 FlaK Rgt",2,III/1,915,,,,
LW,"2 FlaK Rgt",2,III/2,916,,,,
LW,"2 FlaK Rgt",2,III/3,917,,,,
LW,"2 FlaK Rgt",2,III/4,918,,,,
LW,"2 FlaK Rgt",2,III/5,919,,,,
LW,"2 FlaK Rgt",2,,920,,,,
LW,"2 FS Div","2 FS",,921,3060,,,
LW,"2 FS Div","2 FS",,922,2511,,,
LW,"2 FS Div","2 FS",,923,2512,,,
LW,"2 FS Div","2 FS",I/2,924,2513,,,
LW,"2 FS Div","2 FS",I/7,925,2514,,,
LW,"2 FS Div","2 FS",II/2,926,2515,,,
LW,"2 FS Div","2 FS",II/7,927,2516,,,
LW,"2 FS Div","2 FS",III/2,928,2517,,,
LW,"2 FS Div","2 FS",,929,,,,
LW,"2 FS Div","2 FS",,930,,,,
LW,"30 Flak Rgt",30,I/1,931,,,,
LW,"30 Flak Rgt",30,I/2,932,,,,
LW,"30 Flak Rgt",30,I/3,933,,,,
LW,"30 Flak Rgt",30,I/4,934,,,,
LW,"30 Flak Rgt",30,I/5,935,,,,
LW,"30 Flak Rgt",30,II/1,936,,,,
LW,"30 Flak Rgt",30,II/2,937,,,,
LW,"30 Flak Rgt",30,II/3,938,,,,
LW,"30 Flak Rgt",30,II/4,939,,,,
LW,"30 Flak Rgt",30,II/5,940,,,,
LW,"30 Flak Rgt",30,,941,,,,
LW,"32 FlaK Bn",32,32/1,942,,,,
LW,"32 FlaK Bn",32,32/2,943,,,,
LW,"32 FlaK Bn",32,32/3,944,,,,
LW,"32 FlaK Bn",32,32/4,945,,,,
LW,"32 FlaK Bn",32,32/5,946,,,,
LW,"32 FlaK Bn",32,,947,,,,
LW,"3 FlaK Rgt",3,I/1,948,,,,
LW,"3 FlaK Rgt",3,I/2,949,,,,
LW,"3 FlaK Rgt",3,I/3,950,,,,
LW,"3 FlaK Rgt",3,I/4,951,,,,
LW,"3 FlaK Rgt",3,I/5,952,,,,
LW,"3 FlaK Rgt",3,II/1,953,,,,
LW,"3 FlaK Rgt",3,II/2,954,,,,
LW,"3 FlaK Rgt",3,II/3,955,,,,
LW,"3 FlaK Rgt",3,II/4,956,,,,
LW,"3 FlaK Rgt",3,II/5,957,,,,
LW,"3 FlaK Rgt",3,III/1,958,,,,
LW,"3 FlaK Rgt",3,III/2,959,,,,
LW,"3 FlaK Rgt",3,III/3,960,,,,
LW,"3 FlaK Rgt",3,III/4,961,,,,
LW,"3 FlaK Rgt",3,III/5,962,,,,
LW,"3 FlaK Rgt",3,,963,,,,
LW,"3 FS Div","3 FS",,964,3060,,,
LW,"3 FS Div","3 FS",,965,2518,,,
LW,"3 FS Div","3 FS",,966,2519,,,
LW,"3 FS Div","3 FS",I/5,967,2520,,,
LW,"3 FS Div","3 FS",I/8,968,2521,,,
LW,"3 FS Div","3 FS",I/9,969,2522,,,
LW,"3 FS Div","3 FS",II/5,970,2523,,,
LW,"3 FS Div","3 FS",II/8,971,2524,,,
LW,"3 FS Div","3 FS",II/9,972,2525,,,
LW,"3 FS Div","3 FS",III/5,973,2526,,,
LW,"3 FS Div","3 FS",III/8,974,2527,,,
LW,"3 FS Div","3 FS",III/9,975,2528,,,
LW,"3 FS Div","3 FS",RECON,976,,,,
LW,"3 FS Div","3 FS",,977,2529,,,
LW,"3 FS Div","3 FS",,978,,,,
LW,"4 FlaK Rgt",4,I/1,979,,,,
LW,"4 FlaK Rgt",4,I/2,980,,,,
LW,"4 FlaK Rgt",4,I/3,981,,,,
LW,"4 FlaK Rgt",4,I/4,982,,,,
LW,"4 FlaK Rgt",4,I/5,983,,,,
LW,"4 FlaK Rgt",4,II/1,984,,,,
LW,"4 FlaK Rgt",4,II/2,985,,,,
LW,"4 FlaK Rgt",4,II/3,986,,,,
LW,"4 FlaK Rgt",4,II/4,987,,,,
LW,"4 FlaK Rgt",4,II/5,988,,,,
LW,"4 FlaK Rgt",4,III/1,989,,,,
LW,"4 FlaK Rgt",4,III/2,990,,,,
LW,"4 FlaK Rgt",4,III/3,991,,,,
LW,"4 FlaK Rgt",4,III/4,992,,,,
LW,"4 FlaK Rgt",4,III/5,993,,,,
LW,"4 FlaK Rgt",4,,994,,,,
LW,"5 FS Div","5 FS",,995,3060,,,
LW,"5 FS Div","5 FS",,996,2530,,,
LW,"5 FS Div","5 FS",,997,2531,,,
LW,"5 FS Div","5 FS",I/13,998,2532,,,
LW,"5 FS Div","5 FS",I/14,999,2533,,,
LW,"5 FS Div","5 FS",I/15,1000,2534,,,
LW,"5 FS Div","5 FS",II/13,1001,2535,,,
LW,"5 FS Div","5 FS",II/14,1002,2536,,,
LW,"5 FS Div","5 FS",II/15,1003,2537,,,
LW,"5 FS Div","5 FS",III/13,1004,2538,,,
LW,"5 FS Div","5 FS",III/14,1005,2539,,,
LW,"5 FS Div","5 FS",III/15,1006,2540,,,
LW,"5 FS Div","5 FS",RECON,1007,,,,
LW,"5 FS Div","5 FS",,1008,2541,,,
LW,"5 FS Div","5 FS",,1009,,,,
LW,"6 FS Div","6 FS",,1010,2542,,,
LW,"6 FS Div","6 FS",I/16,1011,2543,,,
LW,"6 FS Div","6 FS",I/17,1012,2544,,,
LW,"6 FS Div","6 FS",I/18,1013,2545,,,
LW,"6 FS Div","6 FS",II/16,1014,2546,,,
LW,"6 FS Div","6 FS",II/17,1015,2547,,,
LW,"6 FS Div","6 FS",II/18,1016,2548,,,
LW,"6 FS Div","6 FS",III/16,1017,2549,,,
LW,"6 FS Div","6 FS",III/17,1018,2550,,,
LW,"6 FS Div","6 FS",III/18,1019,2551,,,
LW,"6 FS Div","6 FS",,1020,,,,
LW,"932 FlaK Bn",932,932/1,1021,,,,
LW,"932 FlaK Bn",932,932/2,1022,,,,
LW,"932 FlaK Bn",932,932/3,1023,,,,
LW,"932 FlaK Bn",932,932/4,1024,,,,
LW,"932 FlaK Bn",932,932/5,1025,,,,
LW,"932 FlaK Bn",932,,1026,,,,
LW,Corps,"II FS",,1027,,,,
LW,Corps,"III Flak",,1028,,,,
LW,"Ind Arm",,12,1029,2552,,,
LW,"Ind Arty",,12/I,1030,3060,,,
LW,"Ind Arty",,12/II,1031,3060,,,
LW,"Ind Arty",,12/I,1032,2553,,,
LW,"Ind Arty",,12/II,1033,2554,,,
LW,"Ind Arty",,12/III,1034,2555,,,
LW,"Ind Arty",,"KG 300",1035,,,,
LW,"Ind Arty",,"KG 955",1036,,,,
LW,"Ind Inf",,1/12,1037,,,,
LW,"Ind Inf",,2/12,1040,,,,
LW,"Ind Inf",,3/12,1042,,,,
LW,"Ind Inf",,"I/2 FS",709,,,,
LW,"Ind Inf",,"II/2 FS",761,,,,
LW,"Ind Inf",,"III/2 FS",1044,,,,
LW,"Ind Rcce",,12,1038,2556,,,
LW,"Ind Rcce",,"1/II FS",1039,,,,
LW,"Ind Rcce",,"2/II FS",1041,,,,
LW,"Ind Rcce",,"3/II FS",1043,,,,
LW,"Ind Rcce",,"4/II FS",1045,,,,
LW,"Ind Rcce",,"5/II FS",1046,,,,
LW,"Ind Rcce",,"6/II FS",1047,,,,
UK,"11 Arm Div",11,13,1048,3062,,,
UK,"11 Arm Div",11,151,1049,3062,,,
UK,"11 Arm Div",11,"1 HD",1050,2557,,,
UK,"11 Arm Div",11,"4 KSLI",1051,2558,,,
UK,"11 Arm Div",11,"2 IND",1052,,,,
UK,"11 Arm Div",11,"3 MN",1053,2559,,,
UK,"11 Arm Div",11,"8 RB",1054,2560,,,
UK,"11 Arm Div",11,"23 H",1055,2561,,,
UK,"11 Arm Div",11,"2 NY",1056,2562,,,
UK,"11 Arm Div",11,"3 RTR",1057,2563,,,
UK,"11 Arm Div",11,FFY,1058,2564,,,
UK,"11 Arm Div",11,,1059,,,,
UK,"15 Inf Div",15,,1060,2565,,,
UK,"15 Inf Div",15,131,1061,3062,,,
UK,"15 Inf Div",15,181,1062,3062,,,
UK,"15 Inf Div",15,190,1063,3062,,,
UK,"15 Inf Div",15,"10 HLI",1064,2566,,,
UK,"15 Inf Div",15,"2 ASH",1065,2567,,,
UK,"15 Inf Div",15,"2 GH",1066,2568,,,
UK,"15 Inf Div",15,"2 GH",1067,2569,,,
UK,"15 Inf Div",15,"6 RSF",1068,2570,,,
UK,"15 Inf Div",15,"7 KOSB",1069,2571,,,
UK,"15 Inf Div",15,"7 SH",1070,2572,,,
UK,"15 Inf Div",15,"8 RSF",1071,2573,,,
UK,"15 Inf Div",15,"9 C",1072,2574,,,
UK,"15 Inf Div",15,,1073,,,,
UK,"1 Pol Arm Div","1 P","1 P",1074,3062,,,
UK,"1 Pol Arm Div","1 P","2 P",1075,3062,,,
UK,"1 Pol Arm Div","1 P","10 P",1076,2575,,,
UK,"1 Pol Arm Div","1 P","1 P",1077,2576,,,
UK,"1 Pol Arm Div","1 P","8 P",1078,2577,,,
UK,"1 Pol Arm Div","1 P","9 P",1079,2578,,,
UK,"1 Pol Arm Div","1 P",,1080,,,,
UK,"1 Pol Arm Div","1 P","10 PMR",1081,2579,,,
UK,"1 Pol Arm Div","1 P","1 P",1082,2580,,,
UK,"1 Pol Arm Div","1 P","24 P",1083,2581,,,
UK,"1 Pol Arm Div","1 P","2 P",1084,2582,,,
UK,"1 Pol Arm Div","1 POL",,1085,,,,
UK,"2 Can Inf Div","2 C",8,1086,2583,,,
UK,"2 Can Inf Div","2 C",4,1087,3062,,,
UK,"2 Can Inf Div","2 C",5,1088,3062,,,
UK,"2 Can Inf Div","2 C",6,1089,3062,,,
UK,"2 Can Inf Div","2 C",BW,1090,2584,,,
UK,"2 Can Inf Div","2 C",ESR,1091,2585,,,
UK,"2 Can Inf Div","2 C",LFMR,1092,2586,,,
UK,"2 Can Inf Div","2 C",LRM,1093,2587,,,
UK,"2 Can Inf Div","2 C",QOCH,1094,2588,,,
UK,"2 Can Inf Div","2 C",RHLI,1095,2589,,,
UK,"2 Can Inf Div","2 C",RRC,1096,2590,,,
UK,"2 Can Inf Div","2 C",SSR,1097,2591,,,
UK,"2 Can Inf Div","2 C",TCH,1098,2592,,,
UK,"2 Can Inf Div","2 CAN",,1099,,,,
UK,"3 Can Inf Div","3 C",7,1100,2593,,,
UK,"3 Can Inf Div","3 C",12,1101,3062,,,
UK,"3 Can Inf Div","3 C",13,1102,3062,,,
UK,"3 Can Inf Div","3 C",14,1103,3062,,,
UK,"3 Can Inf Div","3 C",CSR,1104,2594,,,
UK,"3 Can Inf Div","3 C",HLIC,1105,2595,,,
UK,"3 Can Inf Div","3 C",LRC,1106,2596,,,
UK,"3 Can Inf Div","3 C",NNSH,1107,2597,,,
UK,"3 Can Inf Div","3 C",NSR,1108,2598,,,
UK,"3 Can Inf Div","3 C",QORC,1109,2599,,,
UK,"3 Can Inf Div","3 C",RRR,1110,2600,,,
UK,"3 Can Inf Div","3 C",RWR,1111,2601,,,
UK,"3 Can Inf Div","3 C",SDGH,1112,2602,,,
UK,"3 Can Inf Div","3 CAN",,1113,,,,
UK,"3 Inf Div",3,,1114,2603,,,
UK,"3 Inf Div",3,33,1115,3062,,,
UK,"3 Inf Div",3,7,1116,3062,,,
UK,"3 Inf Div",3,76,1117,3062,,,
UK,"3 Inf Div",3,"1 KOSB",1118,2604,,,
UK,"3 Inf Div",3,"1 RNR",1119,2605,,,
UK,"3 Inf Div",3,"1 SLR",1120,2606,,,
UK,"3 Inf Div",3,"1 SR",1121,2607,,,
UK,"3 Inf Div",3,"2 EYR",1122,2608,,,
UK,"3 Inf Div",3,"2 KSLI",2070,2609,,,
UK,"3 Inf Div",3,"2 LR",1123,2610,,,
UK,"3 Inf Div",3,"2 RWR",1124,2611,,,
UK,"3 Inf Div",3,"2 RUR",1125,2612,,,
UK,"3 Inf Div",3,,1126,,,,
UK,"43 Inf Div",43,,1127,2613,,,
UK,"43 Inf Div",43,112,1128,3062,,,
UK,"43 Inf Div",43,179,1129,3062,,,
UK,"43 Inf Div",43,94,1130,3062,,,
UK,"43 Inf Div",43,"1 WR",1131,2614,,,
UK,"43 Inf Div",43,"4 DR",1132,2615,,,
UK,"43 Inf Div",43,"4 SLI",1133,2616,,,
UK,"43 Inf Div",43,"4 WR",1134,2617,,,
UK,"43 Inf Div",43,"5 DCLI",1135,2618,,,
UK,"43 Inf Div",43,"5 DR",1136,2619,,,
UK,"43 Inf Div",43,"5 WR",1137,2620,,,
UK,"43 Inf Div",43,"7 HR",1138,2621,,,
UK,"43 Inf Div",43,"7 SLI",1139,2622,,,
UK,"43 Inf Div",43,,1140,,,,
UK,"49 Inf Div",49,,1141,2623,,,
UK,"49 Inf Div",49,143,1142,3062,,,
UK,"49 Inf Div",49,185,1143,3062,,,
UK,"49 Inf Div",49,69,1144,3062,,,
UK,"49 Inf Div",49,"10 DLI",1145,2624,,,
UK,"49 Inf Div",49,"11 DLI",1146,2625,,,
UK,"49 Inf Div",49,"11 RSF",1147,2626,,,
UK,"49 Inf Div",49,"1/4 KO",1148,2627,,,
UK,"49 Inf Div",49,"1 TS",1149,2628,,,
UK,"49 Inf Div",49,"4 LR",1150,2629,,,
UK,"49 Inf Div",49,"6 DWR",1151,2630,,,
UK,"49 Inf Div",49,"7 DWR",1152,2631,,,
UK,"49 Inf Div",49,HYLR,1153,2632,,,
UK,"49 Inf Div",49,,1154,2633,,,
UK,"49 Inf Div",49,,1155,,,,
UK,"4 Can Arm Div","4 C",15,1156,3062,,,
UK,"4 Can Arm Div","4 C",23,1157,3062,,,
UK,"4 Can Arm Div","4 C",AR,1158,2634,,,
UK,"4 Can Arm Div","4 C",ASHC,1159,2635,,,
UK,"4 Can Arm Div","4 C",LSR,1160,2636,,,
UK,"4 Can Arm Div","4 C",LWR,1161,2637,,,
UK,"4 Can Arm Div","4 C",,1162,,,,
UK,"4 Can Arm Div","4 C",21,1163,2638,,,
UK,"4 Can Arm Div","4 C",22,1164,2639,,,
UK,"4 Can Arm Div","4 C",28,1165,2640,,,
UK,"4 Can Arm Div","4 C",29,1166,2641,,,
UK,"4 Can Arm Div","4 CAN",,1167,,,,
UK,"50 Inf Div",50,61,1168,2642,,,
UK,"50 Inf Div",50,124,1169,3062,,,
UK,"50 Inf Div",50,74,1170,3062,,,
UK,"50 Inf Div",50,90,1171,3062,,,
UK,"50 Inf Div",50,"1 DR",1172,2643,,,
UK,"50 Inf Div",50,"1 HR",1173,2644,,,
UK,"50 Inf Div",50,"2 DR",1174,2645,,,
UK,"50 Inf Div",50,"5 EYR",1175,2646,,,
UK,"50 Inf Div",50,"6 DLI",1176,2647,,,
UK,"50 Inf Div",50,"6 GH",1177,2648,,,
UK,"50 Inf Div",50,"7 GH",1178,2649,,,
UK,"50 Inf Div",50,"8 DLI",1179,2650,,,
UK,"50 Inf Div",50,"9 DLI",1180,2651,,,
UK,"50 Inf Div",50,,1181,,,,
UK,"51 Inf Div",51,"2 DY",1182,2652,,,
UK,"51 Inf Div",51,126,1183,3062,,,
UK,"51 Inf Div",51,127,1184,3062,,,
UK,"51 Inf Div",51,128,1185,3062,,,
UK,"51 Inf Div",51,"1 BW",1186,2653,,,
UK,"51 Inf Div",51,"1 GH",1187,2654,,,
UK,"51 Inf Div",51,"2 SH",1188,2655,,,
UK,"51 Inf Div",51,"5/7 GH",1189,2656,,,
UK,"51 Inf Div",51,"5 BW",1190,2657,,,
UK,"51 Inf Div",51,"5 QOCH",1191,2658,,,
UK,"51 Inf Div",51,"5 SH",1192,2659,,,
UK,"51 Inf Div",51,"7 ASH",1193,2660,,,
UK,"51 Inf Div",51,"7 BW",1194,2661,,,
UK,"51 Inf Div",51,,1195,,,,
UK,"53 Inf Div",53,,1196,2662,,,
UK,"53 Inf Div",53,133,1197,3062,,,
UK,"53 Inf Div",53,81,1198,3062,,,
UK,"53 Inf Div",53,83,1199,3062,,,
UK,"53 Inf Div",53,"1/5 WR",1200,2663,,,
UK,"53 Inf Div",53,"1 ELR",1201,2664,,,
UK,"53 Inf Div",53,"1 HLI",1202,2665,,,
UK,"53 Inf Div",53,"1 OBLI",1203,2666,,,
UK,"53 Inf Div",53,"2 MR",1204,2667,,,
UK,"53 Inf Div",53,"4 RWF",1205,2668,,,
UK,"53 Inf Div",53,"4 WR",1206,2669,,,
UK,"53 Inf Div",53,"6 RWF",1207,2670,,,
UK,"53 Inf Div",53,"7 RWF",1208,2671,,,
UK,"53 Inf Div",53,,1209,,,,
UK,"59 Inf Div",59,,1210,2672,,,
UK,"59 Inf Div",59,110,1211,3062,,,
UK,"59 Inf Div",59,116,1212,3062,,,
UK,"59 Inf Div",59,61,1213,3062,,,
UK,"59 Inf Div",59,"1/6 SS",1214,2673,,,
UK,"59 Inf Div",59,"1/7 RW",1215,2674,,,
UK,"59 Inf Div",59,"2/5 LF",1216,2675,,,
UK,"59 Inf Div",59,"2/6 SS",1217,2676,,,
UK,"59 Inf Div",59,"5 ELR",1218,2677,,,
UK,"59 Inf Div",59,"5 SSR",1219,2678,,,
UK,"59 Inf Div",59,"7 NSR",1220,2679,,,
UK,"59 Inf Div",59,"7 RNR",1221,2680,,,
UK,"59 Inf Div",59,"7 SSR",1222,2681,,,
UK,"59 Inf Div",59,,1223,,,,
UK,"6 Abn Div",6,,1224,2682,,,
UK,"6 Abn Div",6,210,1225,3062,,,
UK,"6 Abn Div",6,211,1226,3062,,,
UK,"6 Abn Div",6,212,1227,3062,,,
UK,"6 Abn Div",6,3,1228,,,,
UK,"6 Abn Div",6,4,1229,,,,
UK,"6 Abn Div",6,2,1230,,,,
UK,"6 Abn Div",6,12,1231,2683,,,
UK,"6 Abn Div",6,"12 D",1232,2684,,,
UK,"6 Abn Div",6,13,1233,2685,,,
UK,"6 Abn Div",6,"1 CAN",1234,2686,,,
UK,"6 Abn Div",6,"1 RUR",1235,2687,,,
UK,"6 Abn Div",6,"249 FD",1236,,,,
UK,"6 Abn Div",6,"2 OB",1237,2688,,,
UK,"6 Abn Div",6,7,1238,2689,,,
UK,"6 Abn Div",6,8,1239,2690,,,
UK,"6 Abn Div",6,9,1240,2691,,,
UK,"6 Abn Div",6,B&D/2,1241,2692,,,
UK,"6 Abn Div",6,,1242,,,,
UK,"7 Arm Div",7,"3 RHA",1243,3062,,,
UK,"7 Arm Div",7,"5 RHA",1244,3062,,,
UK,"7 Arm Div",7,"1/5 Q",1245,2693,,,
UK,"7 Arm Div",7,"1/6 Q",1246,2694,,,
UK,"7 Arm Div",7,"1/7 Q",1247,2695,,,
UK,"7 Arm Div",7,"3 IND",1248,,,,
UK,"7 Arm Div",7,RB,1249,2696,,,
UK,"7 Arm Div",7,"1 RID",1250,2697,,,
UK,"7 Arm Div",7,"4 CLY",1251,2698,,,
UK,"7 Arm Div",7,"5 RTR",1252,2699,,,
UK,"7 Arm Div",7,8H/KR,1253,2700,,,
UK,"7 Arm Div",7,,1254,,,,
UK,Air,FB,121,1255,,,,
UK,Air,FB,122,1256,,,,
UK,Air,FB,123,1257,,,,
UK,Air,FB,124,1258,,,,
UK,Air,FB,"126 CA",1259,,,,
UK,Air,FB,"127 CA",1260,,,,
UK,Air,FB,"131 PO",1261,,,,
UK,Air,FB,"132 NW",1262,,,,
UK,Air,FB,"133 PO",1263,,,,
UK,Air,FB,"134 CZ",1264,,,,
UK,Air,FB,"135 BE",1265,,,,
UK,Air,FB,136,1266,,,,
UK,Air,FB,"141 NE",1267,,,,
UK,Air,FB,"143 CA",1268,,,,
UK,Air,FB,"144 CA",1269,,,,
UK,Air,FB,"145 FR",1270,,,,
UK,Air,FB,146,1271,,,,
UK,Air,LB-1,138,1272,,,,
UK,Air,LB-1,141,1273,,,,
UK,Air,MB-3,137,1274,,,,
UK,Air,MB-3,139,1275,,,,
UK,Air,,"INTERDICT 1",1276,,,,
UK,Air,,"INTERDICT 2",1277,,,,
UK,Air,,"INTERDICT 3",1278,,,,
UK,Air,,"INTERDICT 4",1279,,,,
UK,Air,,"INTERDICT 5",1280,,,,
UK,Air,,"INTERDICT 6",1281,,,,
UK,Air,,"INTERDICT 7",1282,,,,
UK,Air,,"INTERDICT 8",1283,,,,
UK,Corps,1,,1284,,,,
UK,Corps,12,,1285,,,,
UK,Corps,"2 CAN",,1286,,,,
UK,Corps,30,,1287,,,,
UK,Corps,8,,1288,,,,
UK,"Gd Arm Div",GD,153,1289,3062,,,
UK,"Gd Arm Div",GD,55,1290,3062,,,
UK,"Gd Arm Div",GD,"1 IND",1291,,,,
UK,"Gd Arm Div",GD,"1 MGG",1292,2701,,,
UK,"Gd Arm Div",GD,"3 IG",1293,2702,,,
UK,"Gd Arm Div",GD,"5 CG",1294,2703,,,
UK,"Gd Arm Div",GD,"5 GG",1295,2704,,,
UK,"Gd Arm Div",GD,"1 CG",1296,2705,,,
UK,"Gd Arm Div",GD,"2 GG",1297,2706,,,
UK,"Gd Arm Div",GD,"2 IG",1298,2707,,,
UK,"Gd Arm Div",GD,"2 WG",1299,2708,,,
UK,"Gd Arm Div",GD,,1300,,,,
UK,"Ind Arm",,10/2C,1301,2709,,,
UK,"Ind Arm",,107/34,1302,2710,,,
UK,"Ind Arm",,13/18/27,1303,2711,,,
UK,"Ind Arm",,144/33,1304,2712,,,
UK,"Ind Arm",,147/34,1305,2713,,,
UK,"Ind Arm",,148/33,1306,2714,,,
UK,"Ind Arm",,153/34,1307,2715,,,
UK,"Ind Arm",,"1 L/30",1308,2716,,,
UK,"Ind Arm",,"1 N/33",1309,2717,,,
UK,"Ind Arm",,22/30,1310,2718,,,
UK,"Ind Arm",,"24 L/8",1311,2719,,,
UK,"Ind Arm",,26,1312,2720,,,
UK,"Ind Arm",,27/2C,1313,2721,,,
UK,"Ind Arm",,"3 C/4",1314,2722,,,
UK,"Ind Arm",,"3 SG/6",1315,2723,,,
UK,"Ind Arm",,"44 R/4",1316,2724,,,
UK,"Ind Arm",,4/7/8,1317,2725,,,
UK,"Ind Arm",,"4 CG/6",1318,2726,,,
UK,"Ind Arm",,"4 GG/6",1319,2727,,,
UK,"Ind Arm",,6/2C,1320,2728,,,
UK,"Ind Arm",,77,1321,2729,,,
UK,"Ind Arm",,79,1322,2730,,,
UK,"Ind Arm",,"7 RTR",1323,2731,,,
UK,"Ind Arm",,80,1324,2732,,,
UK,"Ind Arm",,81,1325,2733,,,
UK,"Ind Arm",,82,1326,2734,,,
UK,"Ind Arm",,"9 RTR",1327,2735,,,
UK,"Ind Arm",,A/141,1328,2736,,,
UK,"Ind Arm",,B/141,1329,2737,,,
UK,"Ind Arm",,C/141,1330,2738,,,
UK,"Ind Arm",,EY/27,1331,2739,,,
UK,"Ind Arm",,G/4,1332,2740,,,
UK,"Ind Arm",,N/8,1333,2741,,,
UK,"Ind Arm",,WD/30,1334,2742,,,
UK,"Ind Arm",,Y/27,1335,2743,,,
UK,"Ind Arty",,10,1336,3062,,,
UK,"Ind Arty",,107,1337,3062,,,
UK,"Ind Arty",,11,1338,3062,,,
UK,"Ind Arty",,121,1339,3062,,,
UK,"Ind Arty",,13,1340,3062,,,
UK,"Ind Arty",,146,1341,3062,,,
UK,"Ind Arty",,15,1342,3062,,,
UK,"Ind Arty",,"3 CAN",1343,3062,,,
UK,"Ind Arty",,"4 CAN",1344,3062,,,
UK,"Ind Arty",,53,1345,3062,,,
UK,"Ind Arty",,59,1346,3062,,,
UK,"Ind Arty",,61,1347,3062,,,
UK,"Ind Arty",,63,1348,3062,,,
UK,"Ind Arty",,64,1349,3062,,,
UK,"Ind Arty",,65,1350,3062,,,
UK,"Ind Arty",,67,1351,3062,,,
UK,"Ind Arty",,68,1352,3062,,,
UK,"Ind Arty",,7,1353,3062,,,
UK,"Ind Arty",,72,1354,3062,,,
UK,"Ind Arty",,77,1355,3062,,,
UK,"Ind Arty",,79,1356,3062,,,
UK,"Ind Arty",,"7 CAN",1357,3062,,,
UK,"Ind Arty",,84,1358,3062,,,
UK,"Ind Arty",,9,1359,3062,,,
UK,"Ind Arty",,147,1360,3062,,,
UK,"Ind Arty",,150,1361,3062,,,
UK,"Ind Arty",,191,1362,3062,,,
UK,"Ind Arty",,25,1363,3062,,,
UK,"Ind Arty",,6,1364,3062,,,
UK,"Ind Arty",,86,1365,3062,,,
UK,"Ind Arty",,"19 C",1366,3062,,,
UK,"Ind Arty",,"4 RH",1367,3062,,,
UK,"Ind Arty",,1,1368,3062,,,
UK,"Ind Arty",,51,1369,3062,,,
UK,"Ind Arty",,52,1370,3062,,,
UK,"Ind Arty",,53,1371,3062,,,
UK,"Ind Arty",,59,1372,3062,,,
UK,"Ind Arty",,6,1373,2744,,,
UK,"Ind Arty",,62,1374,2745,,,
UK,"Ind Arty",,73,1375,2746,,,
UK,"Ind Arty",,86,1376,2747,,,
UK,"Ind Arty",,91,1377,2748,,,
UK,"Ind Inf",,"12 K/8",1378,2749,,,
UK,"Ind Inf",,"2 E/56",1379,2750,,,
UK,"Ind Inf",,"2 G/56",1380,2751,,,
UK,"Ind Inf",,"2 KR/4",1381,2752,,,
UK,"Ind Inf",,"2 S/56",1382,2753,,,
UK,"Ind Inf",,3,1383,2754,,,
UK,"Ind Inf",,4,1384,2755,,,
UK,"Ind Inf",,"41 RM",1385,2756,,,
UK,"Ind Inf",,"45 RM",1386,2757,,,
UK,"Ind Inf",,"46 RM",1387,2758,,,
UK,"Ind Inf",,"47 RM",1388,2759,,,
UK,"Ind Inf",,"48 RM",1389,2760,,,
UK,"Ind Inf",,6,1390,2761,,,
UK,"Ind Inf",,DTCH,1391,2762,,,
UK,"Ind Inf",,I/BEL,1392,2763,,,
UK,"Ind Inf",,II/BEL,1393,2764,,,
UK,"Ind Inf",,III/BEL,1394,2765,,,
UK,"Ind Rcce",,"11 H",1395,2766,,,
UK,"Ind Rcce",,"18 AC",1396,2767,,,
UK,"Ind Rcce",,1/BEL,1397,,,,
UK,"Ind Rcce",,"1 C",1398,2768,,,
UK,"Ind Rcce",,"1 RD",1399,2769,,,
UK,"Ind Rcce",,"2 HC",1400,2770,,,
UK,Naval,,BB,1401,,,,
UK,Naval,,CA,1402,,,,
UK,Naval,,DD,1403,,,,
UK,Naval,,ROCKET,1404,,,,
UK,"Rem & Repl",1,,1405,,,,
UK,"Rem & Repl",2,,1406,,,,
UK,"Rem & Repl",3,,1407,,,,
UK,"Rem & Repl",4,,1408,,,,
UK,"Rem & Repl",5,,1409,,,,
UK,"Rem & Repl",6,,1410,,,,
UK,"Rem & Repl",7,,1411,,,,
UK,"Rem & Repl",8,,1412,,,,
UK,"Rem & Repl",9,,1413,,,,
UK,"Rem & Repl",10,,1414,,,,
UK,"Rem & Repl",11,,1415,,,,
UK,"Rem & Repl",12,,1416,,,,
UK,"Rem & Repl",13,,1417,,,,
UK,"Rem & Repl",14,,1418,,,,
UK,"Rem & Repl",15,,1419,,,,
UK,"Rem & Repl",16,,1420,,,,
UK,"Rem & Repl",17,,1421,,,,
UK,"Rem & Repl",18,,1422,,,,
UK,"Rem & Repl",19,,1423,,,,
UK,"Rem & Repl",20,,1424,,,,
UK,"Rem & Repl",21,,1425,,,,
UK,"Rem & Repl",22,,1426,,,,
UK,"Rem & Repl",23,,1427,,,,
UK,"Rem & Repl",24,,1428,,,,
UK,"Rem & Repl",25,,1429,,,,
UK,"Rem & Repl",26,,1430,,,,
UK,"Rem & Repl",27,,1431,,,,
UK,"Rem & Repl",28,,1432,,,,
UK,"Rem & Repl",29,,1433,,,,
UK,"Rem & Repl",30,,1434,,,,
UK,"Rem & Repl",31,,1435,,,,
UK,"Rem & Repl",1,,1436,,,,
UK,"Rem & Repl",2,,1437,,,,
UK,"Rem & Repl",3,,1438,,,,
UK,"Rem & Repl",4,,1439,,,,
UK,"Rem & Repl",5,,1440,,,,
UK,"Rem & Repl",1,,1441,,,,
UK,"Rem & Repl",2,,1442,,,,
UK,"Rem & Repl",3,,1443,,,,
UK,"Rem & Repl",4,,1444,,,,
UK,"Rem & Repl",1,,1445,,,,
UK,"Rem & Repl",2,,1446,,,,
UK,"Rem & Repl",3,,1447,,,,
UK,"Rem & Repl",4,,1448,,,,
UK,"Rem & Repl",5,,1449,,,,
UK,"Rem & Repl",6,,1450,,,,
UK,"Rem & Repl",7,,1451,,,,
UK,"Rem & Repl",8,,1452,,,,
UK,"Rem & Repl",9,,1453,,,,
UK,"Rem & Repl",10,,1454,,,,
UK,"Rem & Repl",1,,1455,,,,
UK,"Rem & Repl",2,,1456,,,,
UK,"Rem & Repl",3,,1457,,,,
UK,"Rem & Repl",4,,1458,,,,
UK,"Rem & Repl",,,1459,,,,
UK,"Rem & Repl",,,1460,,,,
UK,RMSR,1,A&B,1461,,,,
UK,RMSR,1,C&D,1462,,,,
UK,RMSR,1,E&F,1463,,,,
UK,RMSR,1,G&H,1464,,,,
UK,RMSR,2,P&Q,1465,,,,
UK,RMSR,2,S&T,1466,,,,
UK,RMSR,2,W&X,1467,,,,
UK,RMSR,5,S&T,1468,,,,
UK,RMSR,5,V&W,1469,,,,
UK,RMSR,5,Y&Z,1470,,,,
UK,Supply,,,1471,,,,
US,"101 Abn Div",101,377,1472,3063,,,
US,"101 Abn Div",101,A/81,1473,,,,
US,"101 Abn Div",101,B/81,1474,,,,
US,"101 Abn Div",101,C/81,1475,,,,
US,"101 Abn Div",101,1/327,1476,2771,,,
US,"101 Abn Div",101,1/501,1477,2772,,,
US,"101 Abn Div",101,1/502,1478,2773,,,
US,"101 Abn Div",101,1/506,1479,2774,,,
US,"101 Abn Div",101,2/327,1480,2775,,,
US,"101 Abn Div",101,2/501,1481,2776,,,
US,"101 Abn Div",101,2/502,1482,2777,,,
US,"101 Abn Div",101,2/506,1483,2778,,,
US,"101 Abn Div",101,3/327,1484,2779,,,
US,"101 Abn Div",101,3/501,1485,2780,,,
US,"101 Abn Div",101,3/502,1486,2781,,,
US,"101 Abn Div",101,3/506,1487,2782,,,
US,"101 Abn Div",101,,1488,,,,
US,"1 Inf Div",1,5,1489,3063,,,
US,"1 Inf Div",1,,1490,3063,,,
US,"1 Inf Div",1,1/16,1491,2783,,,
US,"1 Inf Div",1,1/18,1492,2784,,,
US,"1 Inf Div",1,1/26,1493,2785,,,
US,"1 Inf Div",1,2/16,1494,2786,,,
US,"1 Inf Div",1,2/18,1495,2787,,,
US,"1 Inf Div",1,2/26,1496,2788,,,
US,"1 Inf Div",1,3/16,1497,2789,,,
US,"1 Inf Div",1,3/18,1498,2790,,,
US,"1 Inf Div",1,3/26,1499,2791,,,
US,"1 Inf Div",1,,1500,,,,
US,"1 Inf Div",1,,1501,,,,
US,"28 Inf Div",28,229,1502,3063,,,
US,"28 Inf Div",28,,1503,3063,,,
US,"28 Inf Div",28,1/109,1504,2792,,,
US,"28 Inf Div",28,1/110,1505,2793,,,
US,"28 Inf Div",28,1/112,1506,2794,,,
US,"28 Inf Div",28,2/109,1507,2795,,,
US,"28 Inf Div",28,2/110,1508,2796,,,
US,"28 Inf Div",28,2/112,1509,2797,,,
US,"28 Inf Div",28,3/109,1510,2798,,,
US,"28 Inf Div",28,3/110,1511,2799,,,
US,"28 Inf Div",28,3/112,1512,2800,,,
US,"28 Inf Div",28,,1513,,,,
US,"28 Inf Div",28,,1514,,,,
US,"29 Inf Div",29,227,1515,3063,,,
US,"29 Inf Div",29,,1516,3063,,,
US,"29 Inf Div",29,1/115,1517,2801,,,
US,"29 Inf Div",29,1/116,1518,2802,,,
US,"29 Inf Div",29,1/175,1519,2803,,,
US,"29 Inf Div",29,2/115,1520,2804,,,
US,"29 Inf Div",29,2/116,1521,2805,,,
US,"29 Inf Div",29,2/175,1522,2806,,,
US,"29 Inf Div",29,3/115,1523,2807,,,
US,"29 Inf Div",29,3/116,1524,2808,,,
US,"29 Inf Div",29,3/175,1525,2809,,,
US,"29 Inf Div",29,,1526,,,,
US,"29 Inf Div",29,,1527,,,,
US,"2 Arm Div",2,82,1528,2810,,,
US,"2 Arm Div",2,14,1529,3063,,,
US,"2 Arm Div",2,78,1530,3063,,,
US,"2 Arm Div",2,92,1531,3063,,,
US,"2 Arm Div",2,1/41,1532,2811,,,
US,"2 Arm Div",2,2/41,1533,2812,,,
US,"2 Arm Div",2,3/41,1534,2813,,,
US,"2 Arm Div",2,1/66,1535,2814,,,
US,"2 Arm Div",2,1/67,1536,2815,,,
US,"2 Arm Div",2,2/66,1537,2816,,,
US,"2 Arm Div",2,2/67,1538,2817,,,
US,"2 Arm Div",2,3/66,1539,2818,,,
US,"2 Arm Div",2,3/67,1540,2819,,,
US,"2 Arm Div",2,,1541,,,,
US,"2 Fr Arm Div","2 F",,1542,2820,,,
US,"2 Fr Arm Div","2 F",I,1543,3063,,,
US,"2 Fr Arm Div","2 F",II,1544,3063,,,
US,"2 Fr Arm Div","2 F",III,1545,3063,,,
US,"2 Fr Arm Div","2 F",I,1546,2821,,,
US,"2 Fr Arm Div","2 F",II,1547,2822,,,
US,"2 Fr Arm Div","2 F",III,1548,2823,,,
US,"2 Fr Arm Div","2 F",I,1549,2824,,,
US,"2 Fr Arm Div","2 F",II,1550,2825,,,
US,"2 Fr Arm Div","2 F",III,1551,2826,,,
US,"2 Fr Arm Div","2 FR",,1552,,,,
US,"2 Inf Div",2,12,1553,3063,,,
US,"2 Inf Div",2,,1554,3063,,,
US,"2 Inf Div",2,1/23,1555,2827,,,
US,"2 Inf Div",2,1/38,1556,2828,,,
US,"2 Inf Div",2,1/9,1557,2829,,,
US,"2 Inf Div",2,2/23,1558,2830,,,
US,"2 Inf Div",2,2/38,1559,2831,,,
US,"2 Inf Div",2,2/9,1560,2832,,,
US,"2 Inf Div",2,3/23,1561,2833,,,
US,"2 Inf Div",2,3/38,1562,2834,,,
US,"2 Inf Div",2,3/9,1563,2835,,,
US,"2 Inf Div",2,,1564,,,,
US,"2 Inf Div",2,,1565,,,,
US,"30 Inf Div",30,113,1566,3063,,,
US,"30 Inf Div",30,,1567,3063,,,
US,"30 Inf Div",30,1/117,1568,2836,,,
US,"30 Inf Div",30,1/119,1569,2837,,,
US,"30 Inf Div",30,1/120,1570,2838,,,
US,"30 Inf Div",30,2/117,1571,2839,,,
US,"30 Inf Div",30,2/119,1572,2840,,,
US,"30 Inf Div",30,2/120,1573,2841,,,
US,"30 Inf Div",30,3/117,1574,2842,,,
US,"30 Inf Div",30,3/119,1575,2843,,,
US,"30 Inf Div",30,3/120,1576,2844,,,
US,"30 Inf Div",30,,1577,,,,
US,"30 Inf Div",30,,1578,,,,
US,"35 Inf Div",35,161,1579,3063,,,
US,"35 Inf Div",35,,1580,3063,,,
US,"35 Inf Div",35,1/134,1581,2845,,,
US,"35 Inf Div",35,1/137,1582,2846,,,
US,"35 Inf Div",35,1/320,1583,2847,,,
US,"35 Inf Div",35,2/134,1584,2848,,,
US,"35 Inf Div",35,2/137,1585,2849,,,
US,"35 Inf Div",35,2/320,1586,2850,,,
US,"35 Inf Div",35,3/134,1587,2851,,,
US,"35 Inf Div",35,3/137,1588,2852,,,
US,"35 Inf Div",35,3/320,1589,2853,,,
US,"35 Inf Div",35,,1590,,,,
US,"35 Inf Div",35,,1591,,,,
US,"3 Arm Div",3,83,1592,2854,,,
US,"3 Arm Div",3,391,1593,3063,,,
US,"3 Arm Div",3,54,1594,3063,,,
US,"3 Arm Div",3,67,1595,3063,,,
US,"3 Arm Div",3,1/36,1596,2855,,,
US,"3 Arm Div",3,2/36,1597,2856,,,
US,"3 Arm Div",3,3/36,1599,2857,,,
US,"3 Arm Div",3,1/32,1600,2858,,,
US,"3 Arm Div",3,1/33,1601,2859,,,
US,"3 Arm Div",3,2/32,1602,2860,,,
US,"3 Arm Div",3,2/33,1603,2861,,,
US,"3 Arm Div",3,3/32,1604,2862,,,
US,"3 Arm Div",3,3/33,1605,2863,,,
US,"3 Arm Div",3,,1606,,,,
US,"45 Inf Div",45,160,1607,3063,,,
US,"45 Inf Div",45,,1608,3063,,,
US,"45 Inf Div",45,1/157,1609,2864,,,
US,"45 Inf Div",45,1/179,1610,2865,,,
US,"45 Inf Div",45,1/180,1611,2866,,,
US,"45 Inf Div",45,2/157,1612,2867,,,
US,"45 Inf Div",45,2/179,1613,2868,,,
US,"45 Inf Div",45,2/180,1614,2869,,,
US,"45 Inf Div",45,3/157,1615,2870,,,
US,"45 Inf Div",45,3/179,1616,2871,,,
US,"45 Inf Div",45,3/180,1617,2872,,,
US,"45 Inf Div",45,,1618,,,,
US,"45 Inf Div",45,,1619,,,,
US,"4 Arm Div",4,25,1620,2873,,,
US,"4 Arm Div",4,22,1621,3063,,,
US,"4 Arm Div",4,60,1622,3063,,,
US,"4 Arm Div",4,94,1623,3063,,,
US,"4 Arm Div",4,10,1624,2874,,,
US,"4 Arm Div",4,51,1625,2875,,,
US,"4 Arm Div",4,53,1626,2876,,,
US,"4 Arm Div",4,35,1627,2877,,,
US,"4 Arm Div",4,37,1628,2878,,,
US,"4 Arm Div",4,8,1629,2879,,,
US,"4 Arm Div",4,,1630,,,,
US,"4 Inf Div",4,20,1631,3063,,,
US,"4 Inf Div",4,,1632,3063,,,
US,"4 Inf Div",4,1/12,1633,2880,,,
US,"4 Inf Div",4,1/22,1634,2881,,,
US,"4 Inf Div",4,1/8,1635,2882,,,
US,"4 Inf Div",4,2/12,1636,2883,,,
US,"4 Inf Div",4,2/22,1637,2884,,,
US,"4 Inf Div",4,2/8,1638,2885,,,
US,"4 Inf Div",4,3/12,1639,2886,,,
US,"4 Inf Div",4,3/22,1640,2887,,,
US,"4 Inf Div",4,3/8,1641,2888,,,
US,"4 Inf Div",4,,1642,,,,
US,"4 Inf Div",4,,1643,,,,
US,"5 Arm Div",5,85,1644,2889,,,
US,"5 Arm Div",5,47,1645,3063,,,
US,"5 Arm Div",5,71,1646,3063,,,
US,"5 Arm Div",5,95,1647,3063,,,
US,"5 Arm Div",5,15,1648,2890,,,
US,"5 Arm Div",5,46,1649,2891,,,
US,"5 Arm Div",5,47,1650,2892,,,
US,"5 Arm Div",5,10,1651,2893,,,
US,"5 Arm Div",5,34,1652,2894,,,
US,"5 Arm Div",5,81,1653,2895,,,
US,"5 Arm Div",5,,1654,,,,
US,"5 Inf Div",5,19,1655,3063,,,
US,"5 Inf Div",5,,1656,3063,,,
US,"5 Inf Div",5,1/10,1657,2896,,,
US,"5 Inf Div",5,1/11,1658,2897,,,
US,"5 Inf Div",5,1/2,1659,2898,,,
US,"5 Inf Div",5,2/10,1660,2899,,,
US,"5 Inf Div",5,2/11,1661,2900,,,
US,"5 Inf Div",5,2/2,1662,2901,,,
US,"5 Inf Div",5,3/10,1663,2902,,,
US,"5 Inf Div",5,3/11,1664,2903,,,
US,"5 Inf Div",5,3/2,1665,2904,,,
US,"5 Inf Div",5,,1666,,,,
US,"5 Inf Div",5,,1667,,,,
US,"6 Arm Div",6,86,1668,2905,,,
US,"6 Arm Div",6,128,1669,3063,,,
US,"6 Arm Div",6,212,1670,3063,,,
US,"6 Arm Div",6,231,1671,3063,,,
US,"6 Arm Div",6,44,1672,2906,,,
US,"6 Arm Div",6,50,1673,2907,,,
US,"6 Arm Div",6,9,1674,2908,,,
US,"6 Arm Div",6,15,1675,2909,,,
US,"6 Arm Div",6,68,1676,2910,,,
US,"6 Arm Div",6,69,1677,2911,,,
US,"6 Arm Div",6,,1678,,,,
US,"79 Inf Div",79,310,1679,3063,,,
US,"79 Inf Div",79,,1680,3063,,,
US,"79 Inf Div",79,1/313,1681,2912,,,
US,"79 Inf Div",79,1/314,1682,2913,,,
US,"79 Inf Div",79,1/315,1683,2914,,,
US,"79 Inf Div",79,2/313,1684,2915,,,
US,"79 Inf Div",79,2/314,1685,2916,,,
US,"79 Inf Div",79,2/315,1686,2917,,,
US,"79 Inf Div",79,3/313,1687,2918,,,
US,"79 Inf Div",79,3/314,1688,2919,,,
US,"79 Inf Div",79,3/315,1689,2920,,,
US,"79 Inf Div",79,,1690,,,,
US,"79 Inf Div",79,,1691,,,,
US,"7 Arm Div",7,87,1692,2921,,,
US,"7 Arm Div",7,434,1693,3063,,,
US,"7 Arm Div",7,440,1694,3063,,,
US,"7 Arm Div",7,489,1695,3063,,,
US,"7 Arm Div",7,23,1696,2922,,,
US,"7 Arm Div",7,38,1697,2923,,,
US,"7 Arm Div",7,48,1698,2924,,,
US,"7 Arm Div",7,17,1699,2925,,,
US,"7 Arm Div",7,31,1700,2926,,,
US,"7 Arm Div",7,40,1701,2927,,,
US,"7 Arm Div",7,,1702,,,,
US,"80 Inf Div",80,905,1703,3063,,,
US,"80 Inf Div",80,,1704,3063,,,
US,"80 Inf Div",80,1/317,1705,2928,,,
US,"80 Inf Div",80,1/318,1706,2929,,,
US,"80 Inf Div",80,1/319,1707,2930,,,
US,"80 Inf Div",80,2/317,1708,2931,,,
US,"80 Inf Div",80,2/318,1709,2932,,,
US,"80 Inf Div",80,2/319,1710,2933,,,
US,"80 Inf Div",80,3/317,1711,2934,,,
US,"80 Inf Div",80,3/318,1712,2935,,,
US,"80 Inf Div",80,3/319,1713,2936,,,
US,"80 Inf Div",80,,1714,,,,
US,"80 Inf Div",80,,1715,,,,
US,"82 Abn Div",82,319,1716,3063,,,
US,"82 Abn Div",82,320,1717,3063,,,
US,"82 Abn Div",82,456,1718,3063,,,
US,"82 Abn Div",82,A/80,1719,,,,
US,"82 Abn Div",82,B/80,1720,,,,
US,"82 Abn Div",82,C/80,1721,,,,
US,"82 Abn Div",82,1/325,1722,2937,,,
US,"82 Abn Div",82,1/505,1723,2938,,,
US,"82 Abn Div",82,1/507,1724,2939,,,
US,"82 Abn Div",82,1/508,1725,2940,,,
US,"82 Abn Div",82,2/325,1726,2941,,,
US,"82 Abn Div",82,2/505,1727,2942,,,
US,"82 Abn Div",82,2/507,1728,2943,,,
US,"82 Abn Div",82,2/508,1729,2944,,,
US,"82 Abn Div",82,3/325,1730,2945,,,
US,"82 Abn Div",82,3/505,1731,2946,,,
US,"82 Abn Div",82,3/507,1732,2947,,,
US,"82 Abn Div",82,3/508,1733,2948,,,
US,"82 Abn Div",82,,1734,,,,
US,"83 Inf Div",83,322,1735,3063,,,
US,"83 Inf Div",83,,1736,3063,,,
US,"83 Inf Div",83,1/329,1737,2949,,,
US,"83 Inf Div",83,1/330,1738,2950,,,
US,"83 Inf Div",83,1/331,1739,2951,,,
US,"83 Inf Div",83,2/329,1740,2952,,,
US,"83 Inf Div",83,2/330,1741,2953,,,
US,"83 Inf Div",83,2/331,1742,2954,,,
US,"83 Inf Div",83,3/329,1743,2955,,,
US,"83 Inf Div",83,3/330,1744,2956,,,
US,"83 Inf Div",83,3/331,1745,2957,,,
US,"83 Inf Div",83,,1746,,,,
US,"83 Inf Div",83,,1747,,,,
US,"8 Inf Div",8,28,1748,3063,,,
US,"8 Inf Div",8,,1749,3063,,,
US,"8 Inf Div",8,1/121,1750,2958,,,
US,"8 Inf Div",8,1/13,1751,2959,,,
US,"8 Inf Div",8,1/28,1752,2960,,,
US,"8 Inf Div",8,2/121,1753,2961,,,
US,"8 Inf Div",8,2/13,1754,2962,,,
US,"8 Inf Div",8,2/28,1755,2963,,,
US,"8 Inf Div",8,3/121,1756,2964,,,
US,"8 Inf Div",8,3/13,1757,2965,,,
US,"8 Inf Div",8,3/28,1758,2966,,,
US,"8 Inf Div",8,,1759,,,,
US,"8 Inf Div",8,,1760,,,,
US,"90 Inf Div",90,345,1761,3063,,,
US,"90 Inf Div",90,,1762,3063,,,
US,"90 Inf Div",90,1/357,1763,2967,,,
US,"90 Inf Div",90,1/358,1764,2968,,,
US,"90 Inf Div",90,1/359,1765,2969,,,
US,"90 Inf Div",90,2/357,1766,2970,,,
US,"90 Inf Div",90,2/358,1767,2971,,,
US,"90 Inf Div",90,2/359,1768,2972,,,
US,"90 Inf Div",90,3/357,1769,2973,,,
US,"90 Inf Div",90,3/358,1770,2974,,,
US,"90 Inf Div",90,3/359,1771,2975,,,
US,"90 Inf Div",90,,1772,,,,
US,"90 Inf Div",90,,1773,,,,
US,"9 Inf Div",9,26,1774,3063,,,
US,"9 Inf Div",9,,1775,3063,,,
US,"9 Inf Div",9,1/39,1776,2976,,,
US,"9 Inf Div",9,1/47,1777,2977,,,
US,"9 Inf Div",9,1/60,1778,2978,,,
US,"9 Inf Div",9,2/39,1779,2979,,,
US,"9 Inf Div",9,2/47,1780,2980,,,
US,"9 Inf Div",9,2/60,1781,2981,,,
US,"9 Inf Div",9,3/39,1782,2982,,,
US,"9 Inf Div",9,3/47,1783,2983,,,
US,"9 Inf Div",9,3/60,1784,2984,,,
US,"9 Inf Div",9,,1785,,,,
US,"9 Inf Div",9,,1786,,,,
US,Air,FB,354,1787,,,,
US,Air,FB,358,1788,,,,
US,Air,FB,36,1789,,,,
US,Air,FB,362,1790,,,,
US,Air,FB,363,1791,,,,
US,Air,FB,365,1792,,,,
US,Air,FB,366,1793,,,,
US,Air,FB,367,1794,,,,
US,Air,FB,368,1795,,,,
US,Air,FB,370,1796,,,,
US,Air,FB,371,1797,,,,
US,Air,FB,373,1798,,,,
US,Air,FB,404,1799,,,,
US,Air,FB,405,1800,,,,
US,Air,FB,406,1801,,,,
US,Air,FB,474,1802,,,,
US,Air,FB,48,1803,,,,
US,Air,FB,50,1804,,,,
US,Air,HB,HB-1,1805,1811,,,
US,Air,HB,HB-2,1806,1811,,,
US,Air,HB,HB-3,1807,1811,,,
US,Air,HB,HB-4,1808,1811,,,
US,Air,HB,HB-5,1809,1811,,,
US,Air,HB,HB-6,1810,1811,,,
US,Air,LB-1,409,1812,,,,
US,Air,LB-1,410,1813,,,,
US,Air,LB-1,416,1814,,,,
US,Air,MB-2,322,1815,,,,
US,Air,MB-2,323,1816,,,,
US,Air,MB-2,344,1817,,,,
US,Air,MB-2,386,1818,,,,
US,Air,MB-2,387,1819,,,,
US,Air,MB-2,391,1820,,,,
US,Air,MB-2,394,1821,,,,
US,Air,MB-2,397,1822,,,,
US,Air,,"INTERDICT 1",1823,,,,
US,Air,,"INTERDICT 2",1824,,,,
US,Air,,"INTERDICT 3",1825,,,,
US,Air,,"INTERDICT 4",1826,,,,
US,Air,,"INTERDICT 5",1827,,,,
US,Air,,"INTERDICT 6",1828,,,,
US,Air,,"INTERDICT 7",1829,,,,
US,Air,,"INTERDICT 8",1830,,,,
US,Corps,V,,1831,,,,
US,Corps,VII,,1832,,,,
US,Corps,VIII,,1833,,,,
US,Corps,XII,,1834,,,,
US,Corps,XIX,,1835,,,,
US,Corps,XV,,1836,,,,
US,Corps,XX,,1837,,,,
US,"Ind Arm",,70,1838,2985,,,
US,"Ind Arm",,701,1839,2986,,,
US,"Ind Arm",,702,1840,2987,,,
US,"Ind Arm",,707,1841,2988,,,
US,"Ind Arm",,709,1842,2989,,,
US,"Ind Arm",,712,1843,2990,,,
US,"Ind Arm",,735,1844,2991,,,
US,"Ind Arm",,736,1845,2992,,,
US,"Ind Arm",,737,1846,2993,,,
US,"Ind Arm",,741,1847,2994,,,
US,"Ind Arm",,743,1848,2995,,,
US,"Ind Arm",,"744 LT",1849,2996,,,
US,"Ind Arm",,745,1850,2997,,,
US,"Ind Arm",,746,1851,2998,,,
US,"Ind Arm",,747,1852,2999,,,
US,"Ind Arm",,748,1853,3000,,,
US,"Ind Arm",,749,1854,3001,,,
US,"Ind Arm",,"759 LT",1855,3002,,,
US,"Ind Arm",,761,1856,3003,,,
US,"Ind Arm",,774,1857,3004,,,
US,"Ind Arty",,253,1858,3063,,,
US,"Ind Arty",,275,1859,3063,,,
US,"Ind Arty",,400,1860,3063,,,
US,"Ind Arty",,58,1861,3063,,,
US,"Ind Arty",,62,1862,3063,,,
US,"Ind Arty",,65,1863,3063,,,
US,"Ind Arty",,695,1864,3063,,,
US,"Ind Arty",,696,1865,3063,,,
US,"Ind Arty",,83,1866,3063,,,
US,"Ind Arty",,87,1867,3063,,,
US,"Ind Arty",,174,1868,3063,,,
US,"Ind Arty",,258,1869,3063,,,
US,"Ind Arty",,557,1870,3063,,,
US,"Ind Arty",,987,1871,3063,,,
US,"Ind Arty",,991,1872,3063,,,
US,"Ind Arty",,119,1873,3063,,,
US,"Ind Arty",,142,1874,3063,,,
US,"Ind Arty",,144,1875,3063,,,
US,"Ind Arty",,173,1876,3063,,,
US,"Ind Arty",,18,1877,3063,,,
US,"Ind Arty",,40,1878,3063,,,
US,"Ind Arty",,5,1879,3063,,,
US,"Ind Arty",,79,1880,3063,,,
US,"Ind Arty",,195,1881,3063,,,
US,"Ind Arty",,196,1882,3063,,,
US,"Ind Arty",,202,1883,3063,,,
US,"Ind Arty",,203,1884,3063,,,
US,"Ind Arty",,204,1885,3063,,,
US,"Ind Arty",,208,1886,3063,,,
US,"Ind Arty",,174,1887,3063,,,
US,"Ind Arty",,177,1888,3063,,,
US,"Ind Arty",,179,1889,3063,,,
US,"Ind Arty",,182,1890,3063,,,
US,"Ind Arty",,183,1891,3063,,,
US,"Ind Arty",,187,1892,3063,,,
US,"Ind Arty",,188,1893,3063,,,
US,"Ind Arty",,190,1894,3063,,,
US,"Ind Arty",,193,1895,3063,,,
US,"Ind Arty",,258,1896,3063,,,
US,"Ind Arty",,402,1897,3063,,,
US,"Ind Arty",,58,1898,3063,,,
US,"Ind Arty",,228,1899,3063,,,
US,"Ind Arty",,258,1900,3063,,,
US,"Ind Arty",,401,1901,3063,,,
US,"Ind Arty",,402,1902,3063,,,
US,"Ind Arty",,607,1903,3005,,,
US,"Ind Arty",,610,1904,3006,,,
US,"Ind Arty",,612,1905,3007,,,
US,"Ind Arty",,630,1906,3008,,,
US,"Ind Arty",,631,1907,3009,,,
US,"Ind Arty",,635,1908,3010,,,
US,"Ind Arty",,638,1909,3011,,,
US,"Ind Arty",,691,1910,3012,,,
US,"Ind Arty",,801,1911,3013,,,
US,"Ind Arty",,802,1912,3014,,,
US,"Ind Arty",,812,1913,3015,,,
US,"Ind Arty",,814,1914,3016,,,
US,"Ind Arty",,821,1915,3017,,,
US,"Ind Arty",,823,1916,3018,,,
US,"Ind Arty",,825,1917,3019,,,
US,"Ind Arty",,843,1918,3020,,,
US,"Ind Arty",,602,1919,3021,,,
US,"Ind Arty",,614,1920,3022,,,
US,"Ind Arty",,628,1921,3023,,,
US,"Ind Arty",,629,1922,3024,,,
US,"Ind Arty",,634,1923,3025,,,
US,"Ind Arty",,644,1924,3026,,,
US,"Ind Arty",,654,1925,3027,,,
US,"Ind Arty",,702,1926,3028,,,
US,"Ind Arty",,703,1927,3029,,,
US,"Ind Arty",,704,1928,3030,,,
US,"Ind Arty",,705,1929,3031,,,
US,"Ind Arty",,773,1930,3032,,,
US,"Ind Arty",,774,1931,3033,,,
US,"Ind Arty",,803,1932,3034,,,
US,"Ind Arty",,817,1933,3035,,,
US,"Ind Arty",,818,1934,3036,,,
US,"Ind Arty",,893,1935,3037,,,
US,"Ind Arty",,899,1936,3038,,,
US,"Ind Arty",,23,1937,3063,,,
US,"Ind Arty",,81,1938,3063,,,
US,"Ind Arty",,86,1939,3063,,,
US,"Ind Arty",,87,1940,3063,,,
US,"Ind Arty",,92,1941,3063,,,
US,"Ind Inf",,2,1942,3039,,,
US,"Ind Inf",,5,1943,3040,,,
US,"Ind Inf",,99,1944,3041,,,
US,"Ind Rcce",,102,1945,3042,,,
US,"Ind Rcce",,104,1946,3043,,,
US,"Ind Rcce",,106,1947,3044,,,
US,"Ind Rcce",,107,1948,3045,,,
US,"Ind Rcce",,113,1949,3046,,,
US,"Ind Rcce",,121,1950,3047,,,
US,"Ind Rcce",,125,1951,3048,,,
US,"Ind Rcce",,15,1952,3049,,,
US,"Ind Rcce",,17,1953,3050,,,
US,"Ind Rcce",,2,1954,3051,,,
US,"Ind Rcce",,24,1955,3052,,,
US,"Ind Rcce",,28,1956,3053,,,
US,"Ind Rcce",,3,1957,3054,,,
US,"Ind Rcce",,38,1958,3055,,,
US,"Ind Rcce",,4,1959,3056,,,
US,"Ind Rcce",,42,1960,3057,,,
US,"Ind Rcce",,6,1961,3058,,,
US,Naval,,BB,1962,,,,
US,Naval,,CA,1963,,,,
US,Naval,,DD,1964,,,,
US,Naval,,ROCKET,1965,,,,
US,"Rem & Repl",1,,1966,,,,
US,"Rem & Repl",2,,1967,,,,
US,"Rem & Repl",3,,1968,,,,
US,"Rem & Repl",4,,1969,,,,
US,"Rem & Repl",5,,1970,,,,
US,"Rem & Repl",6,,1971,,,,
US,"Rem & Repl",7,,1972,,,,
US,"Rem & Repl",8,,1973,,,,
US,"Rem & Repl",1,,1974,,,,
US,"Rem & Repl",2,,1975,,,,
US,"Rem & Repl",3,,1976,,,,
US,"Rem & Repl",4,,1977,,,,
US,"Rem & Repl",5,,1978,,,,
US,"Rem & Repl",6,,1979,,,,
US,"Rem & Repl",7,,1980,,,,
US,"Rem & Repl",8,,1981,,,,
US,"Rem & Repl",9,,1982,,,,
US,"Rem & Repl",10,,1983,,,,
US,"Rem & Repl",11,,1984,,,,
US,"Rem & Repl",12,,1985,,,,
US,"Rem & Repl",13,,1986,,,,
US,"Rem & Repl",14,,1987,,,,
US,"Rem & Repl",15,,1988,,,,
US,"Rem & Repl",16,,1989,,,,
US,"Rem & Repl",17,,1990,,,,
US,"Rem & Repl",18,,1991,,,,
US,"Rem & Repl",19,,1992,,,,
US,"Rem & Repl",20,,1993,,,,
US,"Rem & Repl",21,,1994,,,,
US,"Rem & Repl",22,,1995,,,,
US,"Rem & Repl",23,,1996,,,,
US,"Rem & Repl",24,,1997,,,,
US,"Rem & Repl",25,,1998,,,,
US,"Rem & Repl",26,,1999,,,,
US,"Rem & Repl",27,,2000,,,,
US,"Rem & Repl",28,,2001,,,,
US,"Rem & Repl",29,,2002,,,,
US,"Rem & Repl",30,,2003,,,,
US,"Rem & Repl",31,,2004,,,,
US,"Rem & Repl",32,,2005,,,,
US,"Rem & Repl",1,,2006,,,,
US,"Rem & Repl",2,,2007,,,,
US,"Rem & Repl",3,,2008,,,,
US,"Rem & Repl",4,,2009,,,,
US,"Rem & Repl",5,,2010,,,,
US,"Rem & Repl",6,,2011,,,,
US,"Rem & Repl",7,,2012,,,,
US,"Rem & Repl",8,,2013,,,,
US,"Rem & Repl",1,,2014,,,,
US,"Rem & Repl",2,,2015,,,,
US,"Rem & Repl",3,,2016,,,,
US,"Rem & Repl",4,,2017,,,,
US,"Rem & Repl",5,,2018,,,,
US,"Rem & Repl",6,,2019,,,,
US,"Rem & Repl",7,,2020,,,,
US,"Rem & Repl",8,,2021,,,,
US,"Rem & Repl",9,,2022,,,,
US,"Rem & Repl",10,,2023,,,,
US,"Rem & Repl",11,,2024,,,,
US,"Rem & Repl",12,,2025,,,,
US,"Rem & Repl",,,2026,,,,
US,"Rem & Repl",,,2027,,,,
US,Supply,,,2028,,,,
US,Supply,,,2029,3069,,,
W,Markers,,"CHRBG STATUS",2030,,,,
W,Markers,,DISRUPT,2031,,,,
W,Markers,,"RAIL DAMAGE",2032,,,,
W,Markers,,"TURN NOW",2033,,,,
W,Markers,,"WEATHER NOW",2034,,,,
W,Markers,,Cherbourg,2035,,,,
Y,Markers,,BH,2036,,,,
Y,Markers,,CUT,2037,,,,
Y,Markers,,DAMAGED,2038,,,,
Y,Markers,,"A Mulberry",2039,,,,
Y,Markers,,"B Mulberry",2040,,,,
Y,Markers,,Barfleur,2041,,,,
Y,Markers,,BUILDING,2042,,,,
Y,Markers,,Courseulles,2043,,,,
Y,Markers,,Isigny,2044,,,,
Y,Markers,,StVaast,2045,,,,
Y,Markers,,,2046,,,,
W,Markers,,Numbers,3064,3065,3066,3067,3068
F,Fortifications,,CARP-2,2047,,,,
F,Fortifications,,WSTK-3,2048,,,,
F,Fortifications,,CARP-1,2049,,,,
F,Fortifications,,CARP-3,2050,,,,
F,Fortifications,,OSTK-1,2051,,,,
F,Fortifications,,OSTK-2,2052,,,,
F,Fortifications,,WSTK-1,2053,,,,
F,Fortifications,,WSTK-2,2054,,,,
F,Fortifications,,,2055,,,,
F,Fortifications,,LAND,2056,,,,
F,Fortifications,,CAPL,2057,,,,
F,Fortifications,,CHBG,2058,,,,
F,Fortifications,,COUP,2059,,,,
F,Fortifications,,DUVR,2060,,,,
F,Fortifications,,FLAM,2061,,,,
F,Fortifications,,FRCH,2062,,,,
F,Fortifications,,QEQV,2063,,,,
F,Fortifications,,RdTT,2064,,,,
F,Fortifications,,ROUL,2065,,,,
F,Fortifications,,TLVS,2066,,,,
F,Fortifications,,VRND,2067,,,,
F,Fortifications,,,2068,,,,
F,Fortifications,,,2069,,,,
